"Date","EGP=X.Adjusted"
"2001-05-29",3.8875
"2001-05-30",3.8875
"2001-05-31",3.8875
"2001-06-01",3.8875
"2001-06-04",3.87425
"2001-06-05",3.8743
"2001-06-06",3.8743
"2001-06-07",3.8743
"2001-06-08",3.8743
"2001-06-11",3.8743
"2001-06-12",3.8825
"2001-06-13",3.8793
"2001-06-14",3.8835
"2001-06-15",3.8843
"2001-06-18",3.8825
"2001-06-19",3.8743
"2001-06-20",3.8743
"2001-06-21",3.8843
"2001-06-22",3.8843
"2001-06-25",3.8843
"2001-06-26",3.8793
"2001-06-27",3.8743
"2001-06-28",3.8793
"2001-06-29",3.898
"2001-07-02",3.8743
"2001-07-03",3.9672
"2001-07-04",3.93
"2001-07-05",3.9468
"2001-07-06",3.9468
"2001-07-09",3.9468
"2001-07-10",3.9485
"2001-07-11",3.9485
"2001-07-12",3.9468
"2001-07-13",3.9468
"2001-07-16",3.9485
"2001-07-17",3.9485
"2001-07-18",3.9485
"2001-07-19",3.9485
"2001-07-20",3.9485
"2001-07-23",3.9493
"2001-07-24",3.9485
"2001-07-25",3.9485
"2001-07-26",3.9485
"2001-07-27",3.9485
"2001-07-30",3.9485
"2001-07-31",3.9485
"2001-08-01",3.9568
"2001-08-02",3.9485
"2001-08-03",3.9485
"2001-08-06",4.23
"2001-08-07",4.215
"2001-08-08",4.2225
"2001-08-09",4.21
"2001-08-10",4.2119
"2001-08-13",4.225
"2001-08-14",4.225
"2001-08-15",4.245
"2001-08-16",4.21
"2001-08-17",4.21
"2001-08-20",4.235
"2001-08-21",4.2588
"2001-08-22",4.2548
"2001-08-23",4.2573
"2001-08-24",4.2623
"2001-08-27",4.2595
"2001-08-28",4.2623
"2001-08-29",4.2623
"2001-08-30",4.2623
"2001-08-31",4.2623
"2001-09-03",4.2588
"2001-09-04",4.2623
"2001-09-05",4.2673
"2001-09-06",4.2623
"2001-09-07",4.2623
"2001-09-10",4.2623
"2001-09-11",4.2623
"2001-09-12",4.2623
"2001-09-13",4.25
"2001-09-14",4.25
"2001-09-17",4.256
"2001-09-18",4.2723
"2001-09-19",4.256
"2001-09-20",4.256
"2001-09-21",4.256
"2001-09-24",4.25
"2001-09-25",4.256
"2001-09-26",4.25
"2001-09-27",4.2623
"2001-09-28",4.2623
"2001-10-01",4.256
"2001-10-02",4.256
"2001-10-03",4.256
"2001-10-04",4.2623
"2001-10-05",4.2623
"2001-10-08",4.25
"2001-10-09",4.256
"2001-10-10",4.25
"2001-10-11",4.256
"2001-10-12",4.256
"2001-10-15",4.256
"2001-10-16",4.26
"2001-10-17",4.256
"2001-10-18",4.2598
"2001-10-19",4.2635
"2001-10-22",4.25
"2001-10-23",4.2635
"2001-10-24",4.2635
"2001-10-25",4.25
"2001-10-26",4.25
"2001-10-29",4.2723
"2001-10-30",4.25
"2001-10-31",4.263
"2001-11-01",4.2648
"2001-11-02",4.2648
"2001-11-05",4.263
"2001-11-06",4.2623
"2001-11-07",4.2673
"2001-11-08",4.2623
"2001-11-09",4.2623
"2001-11-12",4.2623
"2001-11-13",4.2673
"2001-11-14",4.2635
"2001-11-15",4.2635
"2001-11-16",4.2635
"2001-11-19",4.2635
"2001-11-20",4.2635
"2001-11-21",4.2635
"2001-11-22",4.2673
"2001-11-23",4.2645
"2001-11-26",4.2728
"2001-11-27",4.2723
"2001-11-28",4.2635
"2001-11-29",4.2635
"2001-11-30",4.2635
"2001-12-03",4.2698
"2001-12-04",4.2635
"2001-12-05",4.2698
"2001-12-06",4.2698
"2001-12-07",4.2698
"2001-12-10",4.2635
"2001-12-11",4.2698
"2001-12-12",4.2698
"2001-12-13",4.2698
"2001-12-14",4.535
"2001-12-17",4.535
"2001-12-18",4.535
"2001-12-19",4.565
"2001-12-20",4.54
"2001-12-21",4.54
"2001-12-24",4.5
"2001-12-25",4.5
"2001-12-26",4.5
"2001-12-27",4.58
"2001-12-28",4.58
"2001-12-31",4.55
"2002-01-01",4.55
"2002-01-02",4.595
"2002-01-03",4.575
"2002-01-04",4.575
"2002-01-07",4.575
"2002-01-08",4.57
"2002-01-09",4.595
"2002-01-10",4.59
"2002-01-11",4.59
"2002-01-14",4.6325
"2002-01-15",4.61
"2002-01-16",4.6125
"2002-01-17",4.6325
"2002-01-18",4.6275
"2002-01-21",4.6325
"2002-01-22",4.6325
"2002-01-23",4.6375
"2002-01-24",4.6275
"2002-01-25",4.6275
"2002-01-28",4.6325
"2002-01-29",4.6325
"2002-01-30",4.6325
"2002-01-31",4.635
"2002-02-01",4.6325
"2002-02-04",4.6325
"2002-02-05",4.6325
"2002-02-06",4.6275
"2002-02-07",4.6125
"2002-02-08",4.6125
"2002-02-11",4.6125
"2002-02-12",4.6125
"2002-02-13",4.6325
"2002-02-14",4.6325
"2002-02-15",4.6325
"2002-02-18",4.6275
"2002-02-19",4.6325
"2002-02-20",4.6125
"2002-02-21",4.6125
"2002-02-22",4.6125
"2002-02-25",4.6325
"2002-02-26",4.6325
"2002-02-27",4.6275
"2002-02-28",4.6325
"2002-03-01",4.6325
"2002-03-04",4.6325
"2002-03-05",4.635
"2002-03-06",4.6388
"2002-03-07",4.6325
"2002-03-08",4.6325
"2002-03-11",4.6325
"2002-03-12",4.6325
"2002-03-13",4.6405
"2002-03-14",4.6327
"2002-03-15",4.6325
"2002-03-18",4.605
"2002-03-19",4.6325
"2002-03-20",4.6325
"2002-03-21",4.6325
"2002-03-22",4.6325
"2002-03-25",4.6325
"2002-03-26",4.6325
"2002-03-27",4.6
"2002-03-28",4.6325
"2002-03-29",4.6325
"2002-04-01",4.6325
"2002-04-02",4.6325
"2002-04-03",4.6388
"2002-04-04",4.6325
"2002-04-05",4.6125
"2002-04-08",4.6275
"2002-04-09",4.6325
"2002-04-10",4.6325
"2002-04-11",4.6388
"2002-04-12",4.64
"2002-04-15",4.6
"2002-04-16",4.6275
"2002-04-17",4.6325
"2002-04-18",4.6325
"2002-04-19",4.6325
"2002-04-22",4.6325
"2002-04-23",4.6325
"2002-04-24",4.6325
"2002-04-25",4.6325
"2002-04-26",4.6325
"2002-04-29",4.6325
"2002-04-30",4.6432
"2002-05-01",4.6432
"2002-05-02",4.635
"2002-05-03",4.635
"2002-05-06",4.635
"2002-05-07",4.6432
"2002-05-08",4.6
"2002-05-09",4.6
"2002-05-10",4.6325
"2002-05-13",4.6275
"2002-05-14",4.6275
"2002-05-15",4.6
"2002-05-16",4.6
"2002-05-17",4.66
"2002-05-20",4.6325
"2002-05-21",4.6275
"2002-05-22",NA
"2002-05-23",4.6325
"2002-05-24",4.6325
"2002-05-27",4.6
"2002-05-28",4.6275
"2002-05-29",4.6275
"2002-05-30",4.6
"2002-05-31",4.6
"2002-06-03",4.6275
"2002-06-04",4.6275
"2002-06-05",4.6325
"2002-06-06",4.6325
"2002-06-07",4.6325
"2002-06-10",4.6
"2002-06-11",4.6325
"2002-06-12",4.64365
"2002-06-13",4.635
"2002-06-14",4.635
"2002-06-17",4.6325
"2002-06-18",4.6325
"2002-06-19",4.6
"2002-06-20",4.6325
"2002-06-21",4.6325
"2002-06-24",4.6
"2002-06-25",4.6275
"2002-06-26",4.6325
"2002-06-27",4.64365
"2002-06-28",NA
"2002-07-01",4.6325
"2002-07-02",4.6325
"2002-07-03",4.64415
"2002-07-04",NA
"2002-07-05",4.6325
"2002-07-08",4.6325
"2002-07-09",4.6325
"2002-07-10",4.6325
"2002-07-11",4.6
"2002-07-12",4.6
"2002-07-15",4.6325
"2002-07-16",4.64515
"2002-07-17",4.6325
"2002-07-18",4.63
"2002-07-19",4.63
"2002-07-22",4.6325
"2002-07-23",4.6325
"2002-07-24",4.64515
"2002-07-25",4.6325
"2002-07-26",4.6325
"2002-07-29",4.6325
"2002-07-30",4.62515
"2002-07-31",4.64515
"2002-08-01",4.6325
"2002-08-02",4.6325
"2002-08-05",4.64515
"2002-08-06",4.64515
"2002-08-07",4.64515
"2002-08-08",4.64515
"2002-08-09",4.64515
"2002-08-12",4.6
"2002-08-13",4.6
"2002-08-14",4.6325
"2002-08-15",4.64515
"2002-08-16",4.64515
"2002-08-19",4.6
"2002-08-20",4.6325
"2002-08-21",4.6325
"2002-08-22",4.64515
"2002-08-23",4.64515
"2002-08-26",4.6325
"2002-08-27",4.6325
"2002-08-28",4.6
"2002-08-29",4.6325
"2002-08-30",4.6325
"2002-09-02",4.6325
"2002-09-03",4.6325
"2002-09-04",4.6
"2002-09-05",4.6325
"2002-09-06",4.6325
"2002-09-09",4.62765
"2002-09-10",4.6
"2002-09-11",4.6
"2002-09-12",4.64515
"2002-09-13",4.64515
"2002-09-16",4.6325
"2002-09-17",4.6325
"2002-09-18",4.6375
"2002-09-19",4.64515
"2002-09-20",4.64515
"2002-09-23",4.6325
"2002-09-24",4.6325
"2002-09-25",4.6325
"2002-09-26",4.64515
"2002-09-27",4.64515
"2002-09-30",4.64515
"2002-10-01",4.6325
"2002-10-02",4.64515
"2002-10-03",4.6325
"2002-10-04",4.6325
"2002-10-07",4.63
"2002-10-08",4.6325
"2002-10-09",4.6325
"2002-10-10",4.64515
"2002-10-11",4.64515
"2002-10-14",4.6
"2002-10-15",4.64515
"2002-10-16",4.64515
"2002-10-17",4.6325
"2002-10-18",4.6325
"2002-10-21",4.6325
"2002-10-22",4.6325
"2002-10-23",4.6325
"2002-10-24",4.6325
"2002-10-25",4.6325
"2002-10-28",4.64015
"2002-10-29",4.6
"2002-10-30",4.64515
"2002-10-31",4.6325
"2002-11-01",4.6325
"2002-11-04",4.6325
"2002-11-05",4.6325
"2002-11-06",4.6325
"2002-11-07",4.64515
"2002-11-08",4.64515
"2002-11-11",4.6325
"2002-11-12",4.6375
"2002-11-13",4.635
"2002-11-14",4.6325
"2002-11-15",4.6325
"2002-11-18",4.6325
"2002-11-19",4.6325
"2002-11-20",4.6325
"2002-11-21",4.6325
"2002-11-22",4.6325
"2002-11-25",4.6325
"2002-11-26",4.6325
"2002-11-27",4.6325
"2002-11-28",4.6325
"2002-11-29",4.6325
"2002-12-02",4.6325
"2002-12-03",4.6325
"2002-12-04",4.6325
"2002-12-05",4.6325
"2002-12-06",NA
"2002-12-09",4.6375
"2002-12-10",4.6325
"2002-12-11",4.6325
"2002-12-12",4.6325
"2002-12-13",4.6325
"2002-12-16",4.6325
"2002-12-17",4.6325
"2002-12-18",4.6325
"2002-12-19",4.6325
"2002-12-20",4.6325
"2002-12-23",4.6325
"2002-12-24",4.6325
"2002-12-25",4.6325
"2002-12-26",4.6325
"2002-12-27",4.6325
"2002-12-30",4.62
"2002-12-31",4.63
"2003-01-01",4.63
"2003-01-02",4.59
"2003-01-03",4.59
"2003-01-06",4.615
"2003-01-07",4.615
"2003-01-08",4.63265
"2003-01-09",4.62
"2003-01-10",4.62
"2003-01-13",4.59
"2003-01-14",4.62
"2003-01-15",4.59
"2003-01-16",4.63265
"2003-01-17",4.63265
"2003-01-20",4.62
"2003-01-21",4.62
"2003-01-22",4.63
"2003-01-23",4.63
"2003-01-24",4.63
"2003-01-27",4.59
"2003-01-28",4.59
"2003-01-29",5.36
"2003-01-30",5.36
"2003-01-31",5.34
"2003-02-03",5.4699
"2003-02-04",5.5
"2003-02-05",5.555
"2003-02-06",5.52
"2003-02-07",5.52
"2003-02-10",5.495
"2003-02-11",5.495
"2003-02-12",5.495
"2003-02-13",5.495
"2003-02-14",5.495
"2003-02-17",5.5025
"2003-02-18",5.525
"2003-02-19",5.51
"2003-02-20",5.515
"2003-02-21",5.515
"2003-02-24",5.515
"2003-02-25",5.555
"2003-02-26",5.525
"2003-02-27",5.58
"2003-02-28",5.575
"2003-03-03",5.59
"2003-03-04",5.59
"2003-03-05",5.6
"2003-03-06",5.66
"2003-03-07",5.66
"2003-03-10",5.685
"2003-03-11",5.715
"2003-03-12",5.7
"2003-03-13",5.685
"2003-03-14",5.685
"2003-03-17",5.72
"2003-03-18",5.705
"2003-03-19",5.705
"2003-03-20",5.72
"2003-03-21",5.72
"2003-03-24",5.715
"2003-03-25",5.725
"2003-03-26",5.76
"2003-03-27",5.745
"2003-03-28",5.745
"2003-03-31",5.7625
"2003-04-01",5.775
"2003-04-02",5.7625
"2003-04-03",5.7625
"2003-04-04",5.7625
"2003-04-07",5.805
"2003-04-08",5.755
"2003-04-09",5.81
"2003-04-10",5.845
"2003-04-11",5.875
"2003-04-14",5.875
"2003-04-15",5.855
"2003-04-16",5.895
"2003-04-17",5.93
"2003-04-18",5.93
"2003-04-21",5.915
"2003-04-22",5.915
"2003-04-23",5.91
"2003-04-24",5.915
"2003-04-25",5.915
"2003-04-28",5.915
"2003-04-29",5.955
"2003-04-30",5.935
"2003-05-01",5.935
"2003-05-02",5.935
"2003-05-05",5.955
"2003-05-06",5.965
"2003-05-07",5.955
"2003-05-08",5.955
"2003-05-09",5.955
"2003-05-12",5.955
"2003-05-13",5.955
"2003-05-14",5.955
"2003-05-15",5.96
"2003-05-16",5.96
"2003-05-19",5.955
"2003-05-20",5.97
"2003-05-21",5.955
"2003-05-22",5.975
"2003-05-23",NA
"2003-05-26",5.975
"2003-05-27",5.955
"2003-05-28",5.97
"2003-05-29",5.975
"2003-05-30",5.975
"2003-06-02",5.975
"2003-06-03",5.995
"2003-06-04",5.98375
"2003-06-05",5.98375
"2003-06-06",5.98375
"2003-06-09",5.98975
"2003-06-10",5.985
"2003-06-11",5.98
"2003-06-12",5.99005
"2003-06-13",5.99005
"2003-06-16",5.98975
"2003-06-17",5.98975
"2003-06-18",5.98995
"2003-06-19",5.985
"2003-06-20",5.985
"2003-06-23",6
"2003-06-24",6.005
"2003-06-25",5.985
"2003-06-26",6.03
"2003-06-27",6.03
"2003-06-30",6.0557
"2003-07-01",6.015
"2003-07-02",6.0675
"2003-07-03",6.095
"2003-07-04",6.095
"2003-07-07",6.065
"2003-07-08",6.065
"2003-07-09",6.055
"2003-07-10",6.065
"2003-07-11",6.065
"2003-07-14",6.1554
"2003-07-15",6.065
"2003-07-16",6.095
"2003-07-17",6.14875
"2003-07-18",6.14875
"2003-07-21",6.135
"2003-07-22",6.11
"2003-07-23",6.11
"2003-07-24",6.1353
"2003-07-25",6.1353
"2003-07-28",6.155
"2003-07-29",6.095
"2003-07-30",6.135
"2003-07-31",6.155
"2003-08-01",6.155
"2003-08-04",6.145
"2003-08-05",6.13
"2003-08-06",6.115
"2003-08-07",6.13
"2003-08-08",6.13
"2003-08-11",6.115
"2003-08-12",6.115
"2003-08-13",6.155
"2003-08-14",6.155
"2003-08-15",6.155
"2003-08-18",6.135
"2003-08-19",6.165
"2003-08-20",6.145
"2003-08-21",6.155
"2003-08-22",6.155
"2003-08-25",6.165
"2003-08-26",6.185
"2003-08-27",6.175
"2003-08-28",6.15
"2003-08-29",6.15
"2003-09-01",6.14
"2003-09-02",6.145
"2003-09-03",6.13
"2003-09-04",6.135
"2003-09-05",6.135
"2003-09-08",6.145
"2003-09-09",6.145
"2003-09-10",6.145
"2003-09-11",6.13
"2003-09-12",6.13
"2003-09-15",6.155
"2003-09-16",6.145
"2003-09-17",6.135
"2003-09-18",6.1475
"2003-09-19",6.1475
"2003-09-22",6.135
"2003-09-23",6.135
"2003-09-24",6.145
"2003-09-25",6.145
"2003-09-26",6.145
"2003-09-29",6.14
"2003-09-30",6.17
"2003-10-01",6.1175
"2003-10-02",6.145
"2003-10-03",6.145
"2003-10-06",6.16625
"2003-10-07",6.14
"2003-10-08",6.155
"2003-10-09",6.12
"2003-10-10",6.12
"2003-10-13",6.14
"2003-10-14",6.14
"2003-10-15",6.15765
"2003-10-16",6.145
"2003-10-17",6.145
"2003-10-20",6.1501
"2003-10-21",6.145
"2003-10-22",6.145
"2003-10-23",6.145
"2003-10-24",6.145
"2003-10-27",6.145
"2003-10-28",6.145
"2003-10-29",6.145
"2003-10-30",6.12
"2003-10-31",6.12
"2003-11-03",6.145
"2003-11-04",6.145
"2003-11-05",6.145
"2003-11-06",6.145
"2003-11-07",6.145
"2003-11-10",6.145
"2003-11-11",6.145
"2003-11-12",6.145
"2003-11-13",6.155
"2003-11-14",6.155
"2003-11-17",6.145
"2003-11-18",6.145
"2003-11-19",6.145
"2003-11-20",6.145
"2003-11-21",6.145
"2003-11-24",6.145
"2003-11-25",6.145
"2003-11-26",6.145
"2003-11-27",6.1626
"2003-11-28",6.1626
"2003-12-01",6.107
"2003-12-02",6.0749
"2003-12-03",6.1057
"2003-12-04",6.1161
"2003-12-05",6.1088
"2003-12-08",6.1221
"2003-12-09",6.109
"2003-12-10",6.1394
"2003-12-11",6.0898
"2003-12-12",6.1209
"2003-12-15",6.0973
"2003-12-16",6.1417
"2003-12-17",6.1221
"2003-12-18",6.0957
"2003-12-19",6.1178
"2003-12-22",6.1302
"2003-12-23",6.122
"2003-12-24",6.094
"2003-12-25",6.0991
"2003-12-26",6.1075
"2003-12-29",6.1361
"2003-12-30",6.1059
"2003-12-31",5.9619
"2004-01-01",5.9738
"2004-01-02",6.1391
"2004-01-05",6.1143
"2004-01-06",6.1518
"2004-01-07",6.1365
"2004-01-08",6.1428
"2004-01-09",6.1424
"2004-01-12",6.1549
"2004-01-13",6.0945
"2004-01-14",6.1559
"2004-01-15",6.1399
"2004-01-16",6.1412
"2004-01-19",6.1175
"2004-01-20",6.1137
"2004-01-21",6.1038
"2004-01-22",6.1198
"2004-01-23",6.1336
"2004-01-26",6.1664
"2004-01-27",6.1414
"2004-01-28",6.2033
"2004-01-29",6.1136
"2004-01-30",6.1172
"2004-02-02",6.1249
"2004-02-03",6.1249
"2004-02-04",6.1331
"2004-02-05",6.1502
"2004-02-06",6.1317
"2004-02-09",6.1325
"2004-02-10",6.1628
"2004-02-11",6.1413
"2004-02-12",6.1262
"2004-02-13",6.1415
"2004-02-16",6.1461
"2004-02-17",6.1205
"2004-02-18",6.178
"2004-02-19",6.1105
"2004-02-20",6.1515
"2004-02-23",6.1578
"2004-02-24",6.1444
"2004-02-25",6.1518
"2004-02-26",6.15
"2004-02-27",6.1276
"2004-03-01",6.1455
"2004-03-02",6.1595
"2004-03-03",6.1031
"2004-03-04",6.1433
"2004-03-05",6.1529
"2004-03-08",6.1238
"2004-03-09",6.2028
"2004-03-10",6.1467
"2004-03-11",6.1082
"2004-03-12",6.1345
"2004-03-15",6.1372
"2004-03-16",6.1425
"2004-03-17",6.136
"2004-03-18",6.1521
"2004-03-19",6.1607
"2004-03-22",6.1628
"2004-03-23",6.1376
"2004-03-24",6.2044
"2004-03-25",6.1919
"2004-03-26",6.1481
"2004-03-29",6.143
"2004-03-30",6.1511
"2004-03-31",6.1403
"2004-04-01",6.1298
"2004-04-02",6.1521
"2004-04-05",6.1191
"2004-04-06",6.1412
"2004-04-07",6.1283
"2004-04-08",6.1317
"2004-04-09",6.1282
"2004-04-12",6.1353
"2004-04-13",6.1368
"2004-04-14",6.1663
"2004-04-15",6.1277
"2004-04-16",6.1783
"2004-04-19",6.1736
"2004-04-20",6.1964
"2004-04-21",6.1771
"2004-04-22",6.1006
"2004-04-23",6.1121
"2004-04-26",6.1428
"2004-04-27",6.1433
"2004-04-28",6.1382
"2004-04-29",6.1527
"2004-04-30",6.157
"2004-05-03",6.1558
"2004-05-04",6.1455
"2004-05-05",6.1299
"2004-05-06",6.1347
"2004-05-07",6.1351
"2004-05-10",6.1449
"2004-05-11",6.0998
"2004-05-12",6.1432
"2004-05-13",6.134
"2004-05-14",6.1232
"2004-05-17",6.1417
"2004-05-18",6.1481
"2004-05-19",6.1517
"2004-05-20",6.1749
"2004-05-21",6.1647
"2004-05-24",6.1379
"2004-05-25",6.1495
"2004-05-26",6.1406
"2004-05-27",6.1496
"2004-05-28",6.1449
"2004-05-31",6.154
"2004-06-01",6.1293
"2004-06-02",6.1681
"2004-06-03",6.1571
"2004-06-04",6.1563
"2004-06-07",6.1608
"2004-06-08",6.1628
"2004-06-09",6.1886
"2004-06-10",6.1912
"2004-06-11",6.1896
"2004-06-14",6.1528
"2004-06-15",6.137
"2004-06-16",6.143
"2004-06-17",6.1494
"2004-06-18",6.1379
"2004-06-21",6.1445
"2004-06-22",6.1314
"2004-06-23",6.184
"2004-06-24",6.147
"2004-06-25",6.1303
"2004-06-28",6.1658
"2004-06-29",6.1893
"2004-06-30",6.1453
"2004-07-01",6.1767
"2004-07-02",6.1795
"2004-07-05",6.1446
"2004-07-06",6.1852
"2004-07-07",6.1702
"2004-07-08",6.189
"2004-07-09",6.1778
"2004-07-12",6.3534
"2004-07-13",6.1611
"2004-07-14",6.1643
"2004-07-15",6.1553
"2004-07-16",6.1447
"2004-07-19",6.159
"2004-07-20",6.2107
"2004-07-21",6.1463
"2004-07-22",6.1906
"2004-07-23",6.1998
"2004-07-26",6.1655
"2004-07-27",6.1639
"2004-07-28",6.1627
"2004-07-29",6.1914
"2004-07-30",6.1875
"2004-08-02",6.1705
"2004-08-03",6.1752
"2004-08-04",6.1839
"2004-08-05",6.1434
"2004-08-06",6.1252
"2004-08-09",6.1647
"2004-08-10",6.2101
"2004-08-11",6.1486
"2004-08-12",6.1878
"2004-08-13",6.1807
"2004-08-16",6.1695
"2004-08-17",6.2
"2004-08-18",6.1317
"2004-08-19",6.1844
"2004-08-20",6.1848
"2004-08-23",6.2161
"2004-08-24",6.1857
"2004-08-25",6.1895
"2004-08-26",6.1531
"2004-08-27",6.1654
"2004-08-30",6.1744
"2004-08-31",6.1911
"2004-09-01",6.1889
"2004-09-02",6.1488
"2004-09-03",6.155
"2004-09-06",6.1953
"2004-09-07",6.1679
"2004-09-08",6.1858
"2004-09-09",6.1645
"2004-09-10",6.2029
"2004-09-13",6.1872
"2004-09-14",6.2131
"2004-09-15",6.187
"2004-09-16",6.1624
"2004-09-17",6.1729
"2004-09-20",6.1909
"2004-09-21",6.1664
"2004-09-22",6.1745
"2004-09-23",6.1912
"2004-09-24",6.1639
"2004-09-27",6.1985
"2004-09-28",6.2062
"2004-09-29",6.1881
"2004-09-30",6.1886
"2004-10-01",6.1857
"2004-10-04",6.1885
"2004-10-05",6.2038
"2004-10-06",6.2079
"2004-10-07",6.1874
"2004-10-08",6.1941
"2004-10-11",6.1982
"2004-10-12",6.1907
"2004-10-13",6.1558
"2004-10-14",6.2084
"2004-10-15",6.2109
"2004-10-18",6.1672
"2004-10-19",6.1988
"2004-10-20",6.2298
"2004-10-21",6.2147
"2004-10-22",6.1885
"2004-10-25",6.1868
"2004-10-26",6.1998
"2004-10-27",6.1812
"2004-10-28",6.23
"2004-10-29",6.1725
"2004-11-01",6.207
"2004-11-02",6.1686
"2004-11-03",6.1863
"2004-11-04",6.1806
"2004-11-05",6.1666
"2004-11-08",6.2307
"2004-11-09",6.204
"2004-11-10",6.1807
"2004-11-11",6.1521
"2004-11-12",6.1515
"2004-11-15",6.1611
"2004-11-16",6.2266
"2004-11-17",6.2034
"2004-11-18",6.1963
"2004-11-19",6.1844
"2004-11-22",6.2062
"2004-11-23",6.2041
"2004-11-24",6.1962
"2004-11-25",6.1917
"2004-11-26",6.197
"2004-11-29",6.2009
"2004-11-30",6.1725
"2004-12-01",6.1914
"2004-12-02",6.2091
"2004-12-03",6.171
"2004-12-06",6.2202
"2004-12-07",6.1978
"2004-12-08",6.1486
"2004-12-09",6.1751
"2004-12-10",6.1897
"2004-12-13",6.1821
"2004-12-14",6.1539
"2004-12-15",6.1941
"2004-12-16",6.1993
"2004-12-17",6.1724
"2004-12-20",6.2069
"2004-12-21",6.2036
"2004-12-22",6.1939
"2004-12-23",6.1754
"2004-12-24",6.1638
"2004-12-27",6.1861
"2004-12-28",6.2049
"2004-12-29",6.0886
"2004-12-30",6.0672
"2004-12-31",6.0039
"2005-01-03",5.909
"2005-01-04",5.9321
"2005-01-05",5.8195
"2005-01-06",5.8379
"2005-01-07",5.9043
"2005-01-10",5.893
"2005-01-11",5.8977
"2005-01-12",5.8927
"2005-01-13",5.8706
"2005-01-14",5.861
"2005-01-17",5.8599
"2005-01-18",5.8468
"2005-01-19",5.848
"2005-01-20",5.8253
"2005-01-21",5.857
"2005-01-24",5.8163
"2005-01-25",5.8058
"2005-01-26",5.8058
"2005-01-27",5.7924
"2005-01-28",5.7947
"2005-01-31",5.7923
"2005-02-01",5.7749
"2005-02-02",5.7677
"2005-02-03",5.7743
"2005-02-04",5.8141
"2005-02-07",5.7864
"2005-02-08",5.7763
"2005-02-09",5.76
"2005-02-10",5.7809
"2005-02-11",5.777
"2005-02-14",5.7671
"2005-02-15",5.76
"2005-02-16",5.7688
"2005-02-17",5.7764
"2005-02-18",5.7662
"2005-02-21",5.7672
"2005-02-22",5.7529
"2005-02-23",5.7647
"2005-02-24",5.7758
"2005-02-25",5.7427
"2005-02-28",5.7837
"2005-03-01",5.7834
"2005-03-02",5.76
"2005-03-03",5.7824
"2005-03-04",5.4947
"2005-03-07",5.7696
"2005-03-08",5.7599
"2005-03-09",5.7628
"2005-03-10",5.7495
"2005-03-11",5.7617
"2005-03-14",5.7567
"2005-03-15",5.7589
"2005-03-16",5.7684
"2005-03-17",5.79
"2005-03-18",5.7542
"2005-03-21",5.79
"2005-03-22",5.8199
"2005-03-23",5.79
"2005-03-24",5.7815
"2005-03-25",5.7714
"2005-03-28",5.7983
"2005-03-29",5.79
"2005-03-30",5.79
"2005-03-31",5.79
"2005-04-01",5.7505
"2005-04-04",5.7524
"2005-04-05",5.7566
"2005-04-06",5.7564
"2005-04-07",5.7901
"2005-04-08",5.7458
"2005-04-11",5.79
"2005-04-12",5.79
"2005-04-13",5.7628
"2005-04-14",5.7642
"2005-04-15",5.789
"2005-04-18",5.7825
"2005-04-19",5.79
"2005-04-20",5.79
"2005-04-21",5.79
"2005-04-22",5.7623
"2005-04-25",5.79
"2005-04-26",5.7511
"2005-04-27",5.7719
"2005-04-28",5.7659
"2005-04-29",5.7865
"2005-05-02",5.7639
"2005-05-03",5.7545
"2005-05-04",5.79
"2005-05-05",5.7506
"2005-05-06",5.7647
"2005-05-09",5.785
"2005-05-10",5.7919
"2005-05-11",5.7584
"2005-05-12",5.7915
"2005-05-13",5.769
"2005-05-16",5.5278
"2005-05-17",5.7865
"2005-05-18",5.7457
"2005-05-19",5.7528
"2005-05-20",5.7535
"2005-05-23",5.785
"2005-05-24",5.785
"2005-05-25",5.7583
"2005-05-26",5.7553
"2005-05-27",5.7625
"2005-05-30",5.7541
"2005-05-31",5.785
"2005-06-01",5.7705
"2005-06-02",5.785
"2005-06-03",5.7573
"2005-06-06",5.7621
"2005-06-07",5.7542
"2005-06-08",5.795
"2005-06-09",5.79
"2005-06-10",5.7508
"2005-06-13",5.7177
"2005-06-14",5.79
"2005-06-15",5.785
"2005-06-16",5.7575
"2005-06-17",5.7356
"2005-06-20",5.7453
"2005-06-21",5.785
"2005-06-22",5.79
"2005-06-23",5.7671
"2005-06-24",5.7503
"2005-06-27",5.7489
"2005-06-28",5.7532
"2005-06-29",5.7643
"2005-06-30",5.7775
"2005-07-01",5.7678
"2005-07-04",5.77
"2005-07-05",5.7785
"2005-07-06",5.77
"2005-07-07",5.7454
"2005-07-08",5.7305
"2005-07-11",5.7419
"2005-07-12",5.7725
"2005-07-13",5.7426
"2005-07-14",5.77
"2005-07-15",5.7311
"2005-07-18",5.7553
"2005-07-19",5.7131
"2005-07-20",5.6713
"2005-07-21",5.7168
"2005-07-22",5.7388
"2005-07-25",5.771
"2005-07-26",5.7343
"2005-07-27",5.7625
"2005-07-28",5.7284
"2005-07-29",5.7389
"2005-08-01",5.76
"2005-08-02",5.7424
"2005-08-03",5.7324
"2005-08-04",5.7294
"2005-08-05",5.7134
"2005-08-08",5.7371
"2005-08-09",5.7635
"2005-08-10",5.7108
"2005-08-11",5.765
"2005-08-12",5.7288
"2005-08-15",5.76
"2005-08-16",5.76
"2005-08-17",5.76
"2005-08-18",5.7254
"2005-08-19",5.7305
"2005-08-22",5.4909
"2005-08-23",5.7232
"2005-08-24",5.7063
"2005-08-25",5.738
"2005-08-26",5.7458
"2005-08-29",5.7635
"2005-08-30",5.7325
"2005-08-31",5.7219
"2005-09-01",5.7101
"2005-09-02",5.7316
"2005-09-05",5.7296
"2005-09-06",5.7426
"2005-09-07",5.7421
"2005-09-08",5.7625
"2005-09-09",5.7392
"2005-09-12",5.7273
"2005-09-13",5.755
"2005-09-14",5.7329
"2005-09-15",5.7163
"2005-09-16",5.7163
"2005-09-19",5.755
"2005-09-20",5.7467
"2005-09-21",5.767
"2005-09-22",5.7243
"2005-09-23",5.7336
"2005-09-26",5.75
"2005-09-27",5.7192
"2005-09-28",5.6949
"2005-09-29",5.7525
"2005-09-30",5.7307
"2005-10-03",5.5446
"2005-10-04",5.7265
"2005-10-05",5.6955
"2005-10-06",5.6966
"2005-10-07",5.7097
"2005-10-10",5.7515
"2005-10-11",5.75
"2005-10-12",5.7221
"2005-10-13",5.6827
"2005-10-14",5.7223
"2005-10-17",5.7374
"2005-10-18",5.751
"2005-10-19",5.7525
"2005-10-20",5.7004
"2005-10-21",5.7285
"2005-10-24",5.461
"2005-10-25",5.75
"2005-10-26",5.7324
"2005-10-27",5.75
"2005-10-28",5.7351
"2005-10-31",5.7168
"2005-11-01",5.7089
"2005-11-02",5.7161
"2005-11-03",5.7279
"2005-11-04",5.73
"2005-11-07",5.7263
"2005-11-08",5.75
"2005-11-09",5.6974
"2005-11-10",5.7478
"2005-11-11",5.7025
"2005-11-14",5.7026
"2005-11-15",5.696
"2005-11-16",5.75
"2005-11-17",5.6964
"2005-11-18",5.7081
"2005-11-21",5.7217
"2005-11-22",5.6791
"2005-11-23",5.7103
"2005-11-24",5.7212
"2005-11-25",5.7232
"2005-11-28",5.6961
"2005-11-29",5.75
"2005-11-30",5.758
"2005-12-01",5.6957
"2005-12-02",5.7051
"2005-12-05",5.716
"2005-12-06",5.7475
"2005-12-07",5.7425
"2005-12-08",5.7191
"2005-12-09",5.7177
"2005-12-12",5.735
"2005-12-13",5.6949
"2005-12-14",5.7356
"2005-12-15",5.6992
"2005-12-16",5.6932
"2005-12-19",5.6997
"2005-12-20",5.7325
"2005-12-21",5.6964
"2005-12-22",5.7325
"2005-12-23",5.693
"2005-12-26",5.4613
"2005-12-27",5.7325
"2005-12-28",5.7119
"2005-12-29",5.6891
"2005-12-30",5.6953
"2006-01-02",5.7325
"2006-01-03",5.6721
"2006-01-04",5.73
"2006-01-05",5.7012
"2006-01-06",5.7034
"2006-01-09",5.6899
"2006-01-10",5.725
"2006-01-11",5.725
"2006-01-12",5.6949
"2006-01-13",5.6822
"2006-01-16",5.7225
"2006-01-17",5.6765
"2006-01-18",5.725
"2006-01-19",5.6969
"2006-01-20",5.669
"2006-01-23",5.725
"2006-01-24",5.725
"2006-01-25",5.6981
"2006-01-26",5.725
"2006-01-27",5.7077
"2006-01-30",5.6924
"2006-01-31",5.6929
"2006-02-01",5.725
"2006-02-02",5.6987
"2006-02-03",5.6854
"2006-02-06",5.7225
"2006-02-07",5.7225
"2006-02-08",5.725
"2006-02-09",5.725
"2006-02-10",5.7016
"2006-02-13",5.725
"2006-02-14",5.678
"2006-02-15",5.6826
"2006-02-16",5.6798
"2006-02-17",5.6832
"2006-02-20",5.7225
"2006-02-21",5.6853
"2006-02-22",5.6896
"2006-02-23",5.73
"2006-02-24",5.7037
"2006-02-27",5.7062
"2006-02-28",5.6854
"2006-03-01",5.6816
"2006-03-02",5.6774
"2006-03-03",5.6831
"2006-03-06",5.731
"2006-03-07",5.684
"2006-03-08",5.7325
"2006-03-09",5.725
"2006-03-10",5.6873
"2006-03-13",5.6866
"2006-03-14",5.7325
"2006-03-15",5.6871
"2006-03-16",5.7067
"2006-03-17",5.4684
"2006-03-20",5.7047
"2006-03-21",5.6914
"2006-03-22",5.7101
"2006-03-23",5.7043
"2006-03-24",5.6974
"2006-03-27",5.7083
"2006-03-28",5.7218
"2006-03-29",5.6935
"2006-03-30",5.6761
"2006-03-31",5.712
"2006-04-03",5.696
"2006-04-04",5.7005
"2006-04-05",5.6909
"2006-04-06",5.7024
"2006-04-07",5.7157
"2006-04-10",5.7008
"2006-04-11",5.6902
"2006-04-12",5.6973
"2006-04-13",5.7006
"2006-04-14",5.4588
"2006-04-17",5.3953
"2006-04-18",5.6658
"2006-04-19",5.6892
"2006-04-20",5.718
"2006-04-21",5.7182
"2006-04-24",5.7021
"2006-04-25",5.7043
"2006-04-26",5.7139
"2006-04-27",5.7098
"2006-04-28",5.7026
"2006-05-01",5.7278
"2006-05-02",5.7261
"2006-05-03",5.7275
"2006-05-04",5.7128
"2006-05-05",5.7196
"2006-05-08",5.7218
"2006-05-09",5.7035
"2006-05-10",5.7367
"2006-05-11",5.7242
"2006-05-12",5.4992
"2006-05-15",5.7432
"2006-05-16",5.483
"2006-05-17",5.716
"2006-05-18",5.7092
"2006-05-19",5.7242
"2006-05-22",5.4663
"2006-05-23",5.76
"2006-05-24",5.7172
"2006-05-25",5.5366
"2006-05-26",5.7288
"2006-05-29",5.5103
"2006-05-30",5.7271
"2006-05-31",5.7302
"2006-06-01",5.7208
"2006-06-02",5.7206
"2006-06-05",5.7286
"2006-06-06",5.7302
"2006-06-07",5.72
"2006-06-08",5.7173
"2006-06-09",5.7248
"2006-06-12",5.7179
"2006-06-13",5.7324
"2006-06-14",5.7331
"2006-06-15",5.7143
"2006-06-16",5.4954
"2006-06-19",5.7166
"2006-06-20",5.7072
"2006-06-21",5.7194
"2006-06-22",5.7214
"2006-06-23",5.7152
"2006-06-26",5.481
"2006-06-27",5.7297
"2006-06-28",5.7184
"2006-06-29",5.6654
"2006-06-30",5.7128
"2006-07-03",5.7213
"2006-07-04",5.7214
"2006-07-05",5.7154
"2006-07-06",5.705
"2006-07-07",5.7055
"2006-07-10",5.7201
"2006-07-11",5.7048
"2006-07-12",5.6969
"2006-07-13",5.6962
"2006-07-14",5.4925
"2006-07-17",5.7077
"2006-07-18",5.7038
"2006-07-19",5.6826
"2006-07-20",5.7069
"2006-07-21",5.698
"2006-07-24",5.7038
"2006-07-25",5.7029
"2006-07-26",5.6626
"2006-07-27",5.7321
"2006-07-28",5.7185
"2006-07-31",5.6958
"2006-08-01",5.6914
"2006-08-02",5.708
"2006-08-03",5.6936
"2006-08-04",5.7094
"2006-08-07",5.7202
"2006-08-08",5.5102
"2006-08-09",5.708
"2006-08-10",5.6926
"2006-08-11",5.7201
"2006-08-14",5.7108
"2006-08-15",5.7031
"2006-08-16",5.7096
"2006-08-17",5.7219
"2006-08-18",5.7046
"2006-08-21",5.7215
"2006-08-22",5.7041
"2006-08-23",5.7129
"2006-08-24",5.708
"2006-08-25",5.7101
"2006-08-28",5.7032
"2006-08-29",5.6737
"2006-08-30",5.6936
"2006-08-31",5.6967
"2006-09-01",5.6818
"2006-09-04",5.6985
"2006-09-05",5.6943
"2006-09-06",5.6875
"2006-09-07",5.7068
"2006-09-08",5.7014
"2006-09-11",5.6883
"2006-09-12",5.6991
"2006-09-13",5.7067
"2006-09-14",5.7105
"2006-09-15",5.7005
"2006-09-18",5.6943
"2006-09-19",5.7022
"2006-09-20",5.7127
"2006-09-21",5.6747
"2006-09-22",5.699
"2006-09-25",5.7016
"2006-09-26",5.4709
"2006-09-27",5.7001
"2006-09-28",5.6899
"2006-09-29",5.7178
"2006-10-02",5.7031
"2006-10-03",5.706
"2006-10-04",5.6864
"2006-10-05",5.6995
"2006-10-06",5.7003
"2006-10-09",5.7034
"2006-10-10",5.7025
"2006-10-11",5.7131
"2006-10-12",5.6894
"2006-10-13",5.6903
"2006-10-16",5.6852
"2006-10-17",5.701
"2006-10-18",5.6869
"2006-10-19",5.6829
"2006-10-20",5.6941
"2006-10-23",5.4731
"2006-10-24",5.6957
"2006-10-25",5.445
"2006-10-26",5.6832
"2006-10-27",5.6924
"2006-10-30",5.6926
"2006-10-31",5.6997
"2006-11-01",5.7007
"2006-11-02",5.6877
"2006-11-03",5.6888
"2006-11-06",5.4513
"2006-11-07",5.7019
"2006-11-08",5.6883
"2006-11-09",5.6941
"2006-11-10",5.6894
"2006-11-13",5.6744
"2006-11-14",5.6793
"2006-11-15",5.6764
"2006-11-16",5.6851
"2006-11-17",5.674
"2006-11-20",5.6859
"2006-11-21",5.6762
"2006-11-22",5.682
"2006-11-23",5.6794
"2006-11-24",5.6849
"2006-11-27",5.678
"2006-11-28",5.6615
"2006-11-29",5.6797
"2006-11-30",5.6847
"2006-12-01",5.6739
"2006-12-04",5.675
"2006-12-05",5.6834
"2006-12-06",5.6912
"2006-12-07",5.6806
"2006-12-08",5.6033
"2006-12-11",5.6689
"2006-12-12",5.6576
"2006-12-13",5.686
"2006-12-14",5.6824
"2006-12-15",5.6758
"2006-12-18",5.6657
"2006-12-19",5.6711
"2006-12-20",5.6779
"2006-12-21",5.6768
"2006-12-22",5.6769
"2006-12-25",5.4874
"2006-12-26",5.4976
"2006-12-27",5.6784
"2006-12-28",5.6756
"2006-12-29",5.6703
"2007-01-01",5.6647
"2007-01-02",5.678
"2007-01-03",5.6714
"2007-01-04",5.6725
"2007-01-05",5.6743
"2007-01-08",5.6634
"2007-01-09",5.6716
"2007-01-10",5.6646
"2007-01-11",5.6703
"2007-01-12",5.6658
"2007-01-15",5.6639
"2007-01-16",5.6663
"2007-01-17",5.666
"2007-01-18",5.6606
"2007-01-19",5.6625
"2007-01-22",5.6635
"2007-01-23",5.6658
"2007-01-24",5.6666
"2007-01-25",5.678
"2007-01-26",5.6567
"2007-01-29",5.6514
"2007-01-30",5.6524
"2007-01-31",5.6499
"2007-02-01",5.6705
"2007-02-02",5.6596
"2007-02-05",5.655
"2007-02-06",5.6516
"2007-02-07",5.6597
"2007-02-08",5.6609
"2007-02-09",5.6613
"2007-02-12",5.6602
"2007-02-13",5.6552
"2007-02-14",5.6514
"2007-02-15",5.657
"2007-02-16",5.6574
"2007-02-19",5.6578
"2007-02-20",5.6555
"2007-02-21",5.6643
"2007-02-22",5.6563
"2007-02-23",5.6518
"2007-02-26",5.6487
"2007-02-27",5.6627
"2007-02-28",5.6538
"2007-03-01",5.6574
"2007-03-02",5.672
"2007-03-05",5.6658
"2007-03-06",5.6463
"2007-03-07",5.6505
"2007-03-08",5.6576
"2007-03-09",5.6668
"2007-03-12",5.6713
"2007-03-13",5.6744
"2007-03-14",5.6682
"2007-03-15",5.6369
"2007-03-16",5.6591
"2007-03-19",5.6628
"2007-03-20",5.6494
"2007-03-21",5.624
"2007-03-22",5.6647
"2007-03-23",5.668
"2007-03-26",5.667
"2007-03-27",5.6599
"2007-03-28",5.6759
"2007-03-29",5.6656
"2007-03-30",5.6627
"2007-04-02",5.6626
"2007-04-03",5.6849
"2007-04-04",5.6616
"2007-04-05",5.6575
"2007-04-06",5.4304
"2007-04-09",5.4489
"2007-04-10",5.6618
"2007-04-11",5.6566
"2007-04-12",5.6614
"2007-04-13",5.6584
"2007-04-16",5.6699
"2007-04-17",5.6564
"2007-04-18",5.6397
"2007-04-19",5.6476
"2007-04-20",5.6512
"2007-04-23",5.6443
"2007-04-24",5.642
"2007-04-25",5.6541
"2007-04-26",5.6491
"2007-04-27",5.6317
"2007-04-30",5.654
"2007-05-01",5.4448
"2007-05-02",5.6549
"2007-05-03",5.6426
"2007-05-04",5.647
"2007-05-07",5.6571
"2007-05-08",5.6497
"2007-05-09",5.6686
"2007-05-10",5.6694
"2007-05-11",5.6584
"2007-05-14",5.653
"2007-05-15",5.6542
"2007-05-16",5.6534
"2007-05-17",5.4838
"2007-05-18",5.6589
"2007-05-21",5.4396
"2007-05-22",5.6626
"2007-05-23",5.67
"2007-05-24",5.6596
"2007-05-25",5.6576
"2007-05-28",5.573
"2007-05-29",5.6698
"2007-05-30",5.6603
"2007-05-31",5.6593
"2007-06-01",5.6589
"2007-06-04",5.6525
"2007-06-05",5.6585
"2007-06-06",5.6642
"2007-06-07",5.6828
"2007-06-08",5.654
"2007-06-11",5.656
"2007-06-12",5.668
"2007-06-13",5.6528
"2007-06-14",5.6668
"2007-06-15",5.6582
"2007-06-18",5.6491
"2007-06-19",5.6544
"2007-06-20",5.6706
"2007-06-21",5.6621
"2007-06-22",5.6435
"2007-06-25",5.6452
"2007-06-26",5.6657
"2007-06-27",5.6513
"2007-06-28",5.6666
"2007-06-29",5.6485
"2007-07-02",5.6489
"2007-07-03",5.664
"2007-07-04",5.6672
"2007-07-05",5.6647
"2007-07-06",5.6594
"2007-07-09",5.6561
"2007-07-10",5.638
"2007-07-11",5.6557
"2007-07-12",5.655
"2007-07-13",5.6606
"2007-07-16",5.6557
"2007-07-17",5.6525
"2007-07-18",5.6373
"2007-07-19",5.6449
"2007-07-20",5.6366
"2007-07-23",5.641
"2007-07-24",5.6318
"2007-07-25",5.6181
"2007-07-26",5.6086
"2007-07-27",5.6247
"2007-07-30",5.6059
"2007-07-31",5.6296
"2007-08-01",5.6171
"2007-08-02",5.6113
"2007-08-03",5.6203
"2007-08-06",5.6062
"2007-08-07",5.6015
"2007-08-08",5.6081
"2007-08-09",5.6123
"2007-08-10",5.6028
"2007-08-13",5.6152
"2007-08-14",5.6246
"2007-08-15",5.64
"2007-08-16",5.6152
"2007-08-17",5.6276
"2007-08-20",5.6356
"2007-08-21",5.6576
"2007-08-22",5.6343
"2007-08-23",5.6408
"2007-08-24",5.6239
"2007-08-27",5.6351
"2007-08-28",5.6278
"2007-08-29",5.623
"2007-08-30",5.6281
"2007-08-31",5.6199
"2007-09-03",5.6235
"2007-09-04",5.6102
"2007-09-05",5.6214
"2007-09-06",5.6207
"2007-09-07",5.6121
"2007-09-10",5.6625
"2007-09-11",5.6359
"2007-09-12",5.6156
"2007-09-13",5.6219
"2007-09-14",5.6018
"2007-09-17",5.5963
"2007-09-18",5.5535
"2007-09-19",5.5791
"2007-09-20",5.578
"2007-09-21",5.574
"2007-09-24",5.5571
"2007-09-25",5.5465
"2007-09-26",5.5493
"2007-09-27",5.5514
"2007-09-28",5.5353
"2007-10-01",5.5562
"2007-10-02",5.5413
"2007-10-03",5.4933
"2007-10-04",5.5096
"2007-10-05",5.518
"2007-10-08",5.5291
"2007-10-09",5.5078
"2007-10-10",5.5235
"2007-10-11",5.528
"2007-10-12",5.5054
"2007-10-15",5.5161
"2007-10-16",5.501
"2007-10-17",5.5097
"2007-10-18",5.5021
"2007-10-19",5.4879
"2007-10-22",5.4766
"2007-10-23",5.4824
"2007-10-24",5.476
"2007-10-25",5.4773
"2007-10-26",5.4822
"2007-10-29",5.4899
"2007-10-30",5.4843
"2007-10-31",5.4789
"2007-11-01",5.47
"2007-11-02",5.4545
"2007-11-05",5.3706
"2007-11-06",5.4503
"2007-11-07",5.4746
"2007-11-08",5.4689
"2007-11-09",5.3959
"2007-11-12",5.4077
"2007-11-13",5.4567
"2007-11-14",5.488
"2007-11-15",5.4968
"2007-11-16",5.4931
"2007-11-19",5.4841
"2007-11-20",5.4711
"2007-11-21",5.4769
"2007-11-22",5.4856
"2007-11-23",5.5034
"2007-11-26",5.5345
"2007-11-27",5.4939
"2007-11-28",5.4656
"2007-11-29",5.422
"2007-11-30",5.5032
"2007-12-03",5.4936
"2007-12-04",5.4978
"2007-12-05",5.5133
"2007-12-06",5.4932
"2007-12-07",5.4959
"2007-12-10",5.4942
"2007-12-11",5.5051
"2007-12-12",5.4946
"2007-12-13",5.4874
"2007-12-14",5.5002
"2007-12-17",5.4817
"2007-12-18",5.5345
"2007-12-19",5.4844
"2007-12-20",5.4998
"2007-12-21",5.4894
"2007-12-24",5.4201
"2007-12-25",5.4859
"2007-12-26",5.4515
"2007-12-27",5.4948
"2007-12-28",5.493
"2007-12-31",5.4636
"2008-01-01",5.5285
"2008-01-02",5.4853
"2008-01-03",5.4641
"2008-01-04",5.4862
"2008-01-07",5.4593
"2008-01-08",5.4474
"2008-01-09",5.4487
"2008-01-10",5.4248
"2008-01-11",5.4514
"2008-01-14",5.4316
"2008-01-15",5.4347
"2008-01-16",5.4287
"2008-01-17",5.4753
"2008-01-18",5.4637
"2008-01-21",5.5075
"2008-01-22",5.5006
"2008-01-23",5.4811
"2008-01-24",5.4829
"2008-01-25",5.5132
"2008-01-28",5.5408
"2008-01-29",5.5337
"2008-01-30",5.5155
"2008-01-31",5.511
"2008-02-01",5.5431
"2008-02-04",5.5175
"2008-02-05",5.5185
"2008-02-06",5.5072
"2008-02-07",5.4952
"2008-02-08",5.5109
"2008-02-11",5.4758
"2008-02-12",5.4832
"2008-02-13",5.4851
"2008-02-14",5.4583
"2008-02-15",5.4576
"2008-02-18",5.4696
"2008-02-19",5.4574
"2008-02-20",5.4334
"2008-02-21",5.4585
"2008-02-22",5.4645
"2008-02-25",5.4483
"2008-02-26",5.4218
"2008-02-27",5.474
"2008-02-28",5.4526
"2008-02-29",5.4618
"2008-03-03",5.4359
"2008-03-04",5.4452
"2008-03-05",5.444
"2008-03-06",5.4357
"2008-03-07",5.4316
"2008-03-10",5.4435
"2008-03-11",5.446
"2008-03-12",5.4227
"2008-03-13",5.4134
"2008-03-14",5.4332
"2008-03-17",5.3046
"2008-03-18",5.4957
"2008-03-19",5.4649
"2008-03-20",5.4566
"2008-03-21",5.3137
"2008-03-24",5.4584
"2008-03-25",5.4432
"2008-03-26",5.423
"2008-03-27",5.4211
"2008-03-28",5.4385
"2008-03-31",5.4563
"2008-04-01",5.4575
"2008-04-02",5.3979
"2008-04-03",5.4254
"2008-04-04",5.4258
"2008-04-07",5.4287
"2008-04-08",5.42
"2008-04-09",5.4133
"2008-04-10",5.4166
"2008-04-11",5.4156
"2008-04-14",5.4046
"2008-04-15",5.417
"2008-04-16",5.3956
"2008-04-17",5.3956
"2008-04-18",5.4077
"2008-04-21",5.3656
"2008-04-22",5.2756
"2008-04-23",5.3552
"2008-04-24",5.3566
"2008-04-25",5.3595
"2008-04-28",5.3506
"2008-04-29",5.3765
"2008-04-30",5.3627
"2008-05-01",5.375
"2008-05-02",5.3393
"2008-05-05",5.3227
"2008-05-06",5.3249
"2008-05-07",5.3293
"2008-05-08",5.3296
"2008-05-09",5.3177
"2008-05-12",5.3005
"2008-05-13",5.342
"2008-05-14",5.3183
"2008-05-15",5.3542
"2008-05-16",5.3253
"2008-05-19",5.3142
"2008-05-20",5.3289
"2008-05-21",5.314
"2008-05-22",5.321
"2008-05-23",5.3155
"2008-05-26",5.3175
"2008-05-27",5.3298
"2008-05-28",5.3122
"2008-05-29",5.3216
"2008-05-30",5.3172
"2008-06-02",5.2506
"2008-06-03",5.3202
"2008-06-04",5.3177
"2008-06-05",5.3087
"2008-06-06",5.3076
"2008-06-09",5.3399
"2008-06-10",5.321
"2008-06-11",5.3214
"2008-06-12",5.2996
"2008-06-13",5.3207
"2008-06-16",5.3165
"2008-06-17",5.3036
"2008-06-18",5.2973
"2008-06-19",5.3069
"2008-06-20",5.3146
"2008-06-23",5.3039
"2008-06-24",5.3226
"2008-06-25",5.2795
"2008-06-26",5.3137
"2008-06-27",5.3175
"2008-06-30",5.2996
"2008-07-01",5.3363
"2008-07-02",5.2965
"2008-07-03",5.2419
"2008-07-04",5.2957
"2008-07-07",5.2791
"2008-07-08",5.3123
"2008-07-09",5.303
"2008-07-10",5.2979
"2008-07-11",5.2856
"2008-07-14",5.2902
"2008-07-15",5.295
"2008-07-16",5.2881
"2008-07-17",5.2837
"2008-07-18",5.2671
"2008-07-21",5.2657
"2008-07-22",5.2728
"2008-07-23",5.2707
"2008-07-24",5.2704
"2008-07-25",5.2814
"2008-07-28",5.2848
"2008-07-29",5.2832
"2008-07-30",5.2773
"2008-07-31",5.2795
"2008-08-01",5.2911
"2008-08-04",5.3103
"2008-08-05",5.307
"2008-08-06",5.305
"2008-08-07",5.3025
"2008-08-08",5.3063
"2008-08-11",5.298
"2008-08-12",5.3138
"2008-08-13",5.327
"2008-08-14",5.325
"2008-08-15",5.325
"2008-08-18",5.345
"2008-08-19",5.355
"2008-08-20",5.3565
"2008-08-21",5.3625
"2008-08-22",5.347
"2008-08-25",5.3598
"2008-08-26",5.3351
"2008-08-27",5.3123
"2008-08-28",5.3206
"2008-08-29",5.3286
"2008-09-01",5.3404
"2008-09-02",5.3443
"2008-09-03",5.3564
"2008-09-04",5.3917
"2008-09-05",5.3545
"2008-09-08",5.3386
"2008-09-09",5.383
"2008-09-10",5.3988
"2008-09-11",5.3769
"2008-09-12",5.3554
"2008-09-15",5.3659
"2008-09-16",5.4511
"2008-09-17",5.3745
"2008-09-18",5.4399
"2008-09-19",5.399
"2008-09-22",5.3664
"2008-09-23",5.4113
"2008-09-24",5.3941
"2008-09-25",5.4167
"2008-09-26",5.42
"2008-09-29",5.4098
"2008-09-30",5.4111
"2008-10-01",5.4329
"2008-10-02",5.4363
"2008-10-03",5.448
"2008-10-06",5.4344
"2008-10-07",5.474
"2008-10-08",5.4493
"2008-10-09",5.5038
"2008-10-10",5.4807
"2008-10-13",5.4618
"2008-10-14",5.5355
"2008-10-15",5.5907
"2008-10-16",5.4804
"2008-10-17",5.5436
"2008-10-20",5.5512
"2008-10-21",5.5651
"2008-10-22",5.5271
"2008-10-23",5.4884
"2008-10-24",5.5179
"2008-10-27",5.5529
"2008-10-28",5.377
"2008-10-29",5.4845
"2008-10-30",5.552
"2008-10-31",5.55
"2008-11-03",5.584
"2008-11-04",5.4739
"2008-11-05",5.5088
"2008-11-06",5.5207
"2008-11-07",5.4948
"2008-11-10",5.4893
"2008-11-11",5.5113
"2008-11-12",5.5441
"2008-11-13",5.3801
"2008-11-14",5.5538
"2008-11-17",5.5254
"2008-11-18",5.5138
"2008-11-19",5.5352
"2008-11-20",5.5328
"2008-11-21",5.4635
"2008-11-24",5.4886
"2008-11-25",5.4947
"2008-11-26",5.4544
"2008-11-27",5.4785
"2008-11-28",5.4974
"2008-12-01",5.4925
"2008-12-02",5.4928
"2008-12-03",5.4525
"2008-12-04",5.5117
"2008-12-05",5.4503
"2008-12-08",5.4948
"2008-12-09",5.4838
"2008-12-10",5.489
"2008-12-11",5.4713
"2008-12-12",5.479
"2008-12-15",5.4664
"2008-12-16",5.3872
"2008-12-17",5.462
"2008-12-18",5.4196
"2008-12-19",5.4009
"2008-12-22",5.4791
"2008-12-23",5.4964
"2008-12-24",5.4699
"2008-12-25",5.4058
"2008-12-26",5.4004
"2008-12-29",5.5672
"2008-12-30",5.4352
"2008-12-31",5.4101
"2009-01-01",5.401
"2009-01-02",5.4429
"2009-01-05",5.4396
"2009-01-06",5.4373
"2009-01-07",5.4929
"2009-01-08",5.4687
"2009-01-09",5.4768
"2009-01-12",5.47
"2009-01-13",5.4888
"2009-01-14",5.4767
"2009-01-15",5.458
"2009-01-16",5.4637
"2009-01-19",5.5128
"2009-01-20",5.516
"2009-01-21",5.434
"2009-01-22",5.4925
"2009-01-23",5.464
"2009-01-26",5.5113
"2009-01-27",5.4956
"2009-01-28",5.558
"2009-01-29",5.5537
"2009-01-30",5.5193
"2009-02-02",5.5258
"2009-02-03",5.5278
"2009-02-04",5.5264
"2009-02-05",5.5373
"2009-02-06",5.4865
"2009-02-09",5.56
"2009-02-10",5.5483
"2009-02-11",5.5183
"2009-02-12",5.4878
"2009-02-13",5.5263
"2009-02-16",5.512
"2009-02-17",5.5358
"2009-02-18",5.5378
"2009-02-19",5.5506
"2009-02-20",5.4249
"2009-02-23",5.5892
"2009-02-24",5.5093
"2009-02-25",5.5807
"2009-02-26",5.5806
"2009-02-27",5.5602
"2009-03-02",5.5857
"2009-03-03",5.5855
"2009-03-04",5.5651
"2009-03-05",5.5984
"2009-03-06",5.5878
"2009-03-09",5.619
"2009-03-10",5.6293
"2009-03-11",5.621
"2009-03-12",5.6119
"2009-03-13",5.624
"2009-03-16",5.6173
"2009-03-17",5.5721
"2009-03-18",5.4451
"2009-03-19",5.6022
"2009-03-20",5.5845
"2009-03-23",5.5777
"2009-03-24",5.6272
"2009-03-25",5.5836
"2009-03-26",5.6
"2009-03-27",5.5897
"2009-03-30",5.5774
"2009-03-31",5.6091
"2009-04-01",5.5981
"2009-04-02",5.5869
"2009-04-03",5.577
"2009-04-06",5.5762
"2009-04-07",5.5918
"2009-04-08",5.6059
"2009-04-09",5.5883
"2009-04-10",5.5797
"2009-04-13",5.5
"2009-04-14",5.6037
"2009-04-15",5.5785
"2009-04-16",5.6053
"2009-04-17",5.5933
"2009-04-20",5.5885
"2009-04-21",5.6182
"2009-04-22",5.6014
"2009-04-23",5.5601
"2009-04-24",5.6063
"2009-04-27",5.6569
"2009-04-28",5.5709
"2009-04-29",5.6232
"2009-04-30",5.6003
"2009-05-01",5.5855
"2009-05-04",5.5652
"2009-05-05",5.6186
"2009-05-06",5.5873
"2009-05-07",5.5942
"2009-05-08",5.5289
"2009-05-11",5.5963
"2009-05-12",5.5744
"2009-05-13",5.5945
"2009-05-14",5.565
"2009-05-15",5.5909
"2009-05-18",5.5612
"2009-05-19",5.5691
"2009-05-20",5.5935
"2009-05-21",5.5393
"2009-05-22",5.5894
"2009-05-25",5.5865
"2009-05-26",5.5869
"2009-05-27",5.6247
"2009-05-28",5.5964
"2009-05-29",5.5738
"2009-06-01",5.5716
"2009-06-02",5.5586
"2009-06-03",5.5865
"2009-06-04",5.5712
"2009-06-05",5.566
"2009-06-08",5.5613
"2009-06-09",5.5493
"2009-06-10",5.5681
"2009-06-11",5.5652
"2009-06-12",5.5857
"2009-06-15",5.5701
"2009-06-16",5.5914
"2009-06-17",5.5303
"2009-06-18",5.5885
"2009-06-19",5.5865
"2009-06-22",5.5552
"2009-06-23",5.5434
"2009-06-24",5.5899
"2009-06-25",5.5423
"2009-06-26",5.5667
"2009-06-29",5.5569
"2009-06-30",5.5507
"2009-07-01",5.5745
"2009-07-02",5.5729
"2009-07-03",5.5644
"2009-07-06",5.533
"2009-07-07",5.5661
"2009-07-08",5.5385
"2009-07-09",5.5578
"2009-07-10",5.5453
"2009-07-13",5.5446
"2009-07-14",5.5494
"2009-07-15",5.5532
"2009-07-16",5.5375
"2009-07-17",5.549
"2009-07-20",5.5447
"2009-07-21",5.5361
"2009-07-22",5.5355
"2009-07-23",5.5736
"2009-07-24",5.5339
"2009-07-27",5.5177
"2009-07-28",5.5235
"2009-07-29",5.5201
"2009-07-30",5.5091
"2009-07-31",5.5208
"2009-08-03",5.5084
"2009-08-04",5.4934
"2009-08-05",5.4914
"2009-08-06",5.4895
"2009-08-07",5.4983
"2009-08-10",5.5048
"2009-08-11",5.4993
"2009-08-12",5.5174
"2009-08-13",5.5184
"2009-08-14",5.5189
"2009-08-17",5.5077
"2009-08-18",5.5054
"2009-08-19",5.5256
"2009-08-20",5.4987
"2009-08-21",5.5063
"2009-08-24",5.509
"2009-08-25",5.5181
"2009-08-26",5.4934
"2009-08-27",5.4548
"2009-08-28",5.4935
"2009-08-31",5.493
"2009-09-01",5.5036
"2009-09-02",5.4884
"2009-09-03",5.4995
"2009-09-04",5.4901
"2009-09-07",5.4912
"2009-09-08",5.4904
"2009-09-09",5.503
"2009-09-10",5.4758
"2009-09-11",5.4885
"2009-09-14",5.4749
"2009-09-15",5.3906
"2009-09-16",5.4704
"2009-09-17",5.4051
"2009-09-18",5.4039
"2009-09-21",5.4747
"2009-09-22",5.4642
"2009-09-23",5.4753
"2009-09-24",5.4862
"2009-09-25",5.4052
"2009-09-28",5.4003
"2009-09-29",5.3854
"2009-09-30",5.4596
"2009-10-01",5.3931
"2009-10-02",5.456
"2009-10-05",5.4434
"2009-10-06",5.4555
"2009-10-07",5.4353
"2009-10-08",5.4474
"2009-10-09",5.4362
"2009-10-12",5.4474
"2009-10-13",5.4399
"2009-10-14",5.4277
"2009-10-15",5.443
"2009-10-16",5.4398
"2009-10-19",5.4349
"2009-10-20",5.4208
"2009-10-21",5.4312
"2009-10-22",5.4149
"2009-10-23",5.4395
"2009-10-26",5.4446
"2009-10-27",5.426
"2009-10-28",5.439
"2009-10-29",5.4431
"2009-10-30",5.4423
"2009-11-02",5.456
"2009-11-03",5.4107
"2009-11-04",5.4251
"2009-11-05",5.4277
"2009-11-06",5.4305
"2009-11-09",5.429
"2009-11-10",5.4133
"2009-11-11",5.419
"2009-11-12",5.4285
"2009-11-13",5.418
"2009-11-16",5.4203
"2009-11-17",5.4056
"2009-11-18",5.4362
"2009-11-19",5.4208
"2009-11-20",5.4261
"2009-11-23",5.4257
"2009-11-24",5.4097
"2009-11-25",5.402
"2009-11-26",5.4252
"2009-11-27",5.4058
"2009-11-30",5.4284
"2009-12-01",5.3644
"2009-12-02",5.4266
"2009-12-03",5.4275
"2009-12-04",5.4269
"2009-12-07",5.4239
"2009-12-08",5.4562
"2009-12-09",5.4417
"2009-12-10",5.4493
"2009-12-11",5.4394
"2009-12-14",5.4485
"2009-12-15",5.4522
"2009-12-16",5.4797
"2009-12-17",5.454
"2009-12-18",5.4383
"2009-12-21",5.4781
"2009-12-22",5.4621
"2009-12-23",5.4636
"2009-12-24",5.4048
"2009-12-25",5.398
"2009-12-28",5.4703
"2009-12-29",5.4601
"2009-12-30",5.441
"2009-12-31",5.4083
"2010-01-01",5.3845
"2010-01-04",5.4403
"2010-01-05",5.4425
"2010-01-06",5.4198
"2010-01-07",5.4199
"2010-01-08",5.3916
"2010-01-11",5.4227
"2010-01-12",5.4295
"2010-01-13",5.3864
"2010-01-14",5.3776
"2010-01-15",5.3869
"2010-01-18",5.3781
"2010-01-19",5.3787
"2010-01-20",5.401
"2010-01-21",5.4116
"2010-01-22",5.4148
"2010-01-25",5.3485
"2010-01-26",5.4219
"2010-01-27",5.4348
"2010-01-28",5.4348
"2010-01-29",5.4364
"2010-02-01",5.4282
"2010-02-02",5.4228
"2010-02-03",5.4234
"2010-02-04",5.442
"2010-02-05",5.4096
"2010-02-08",5.4721
"2010-02-09",5.4593
"2010-02-10",5.4349
"2010-02-11",5.4392
"2010-02-12",5.4453
"2010-02-15",5.4572
"2010-02-16",5.4457
"2010-02-17",5.455
"2010-02-18",5.4951
"2010-02-19",5.4189
"2010-02-22",5.4511
"2010-02-23",5.4495
"2010-02-24",5.4694
"2010-02-25",5.4255
"2010-02-26",5.4705
"2010-03-01",5.4251
"2010-03-02",5.4203
"2010-03-03",5.4507
"2010-03-04",5.4373
"2010-03-05",5.4462
"2010-03-08",5.4459
"2010-03-09",5.4318
"2010-03-10",5.4446
"2010-03-11",5.4291
"2010-03-12",5.4324
"2010-03-15",5.4373
"2010-03-16",5.4392
"2010-03-17",5.4455
"2010-03-18",5.4435
"2010-03-19",5.447
"2010-03-22",5.4502
"2010-03-23",5.4796
"2010-03-24",5.4736
"2010-03-25",5.4849
"2010-03-26",5.4603
"2010-03-29",5.4635
"2010-03-30",5.4581
"2010-03-31",5.4759
"2010-04-01",5.4646
"2010-04-02",5.391
"2010-04-05",5.3968
"2010-04-06",5.4609
"2010-04-07",5.4827
"2010-04-08",5.4809
"2010-04-09",5.4676
"2010-04-12",5.4738
"2010-04-13",5.4655
"2010-04-14",5.485
"2010-04-15",5.4718
"2010-04-16",5.4733
"2010-04-19",5.4792
"2010-04-20",5.5
"2010-04-21",5.4987
"2010-04-22",5.514
"2010-04-23",5.5003
"2010-04-26",5.4828
"2010-04-27",5.5334
"2010-04-28",5.4882
"2010-04-29",5.5085
"2010-04-30",5.5195
"2010-05-03",5.5122
"2010-05-04",5.5492
"2010-05-05",5.5669
"2010-05-06",5.5826
"2010-05-07",5.5439
"2010-05-10",5.5914
"2010-05-11",5.599
"2010-05-12",5.5636
"2010-05-13",5.5119
"2010-05-14",5.5798
"2010-05-17",5.4689
"2010-05-18",5.6651
"2010-05-19",5.4291
"2010-05-20",5.5588
"2010-05-21",5.6065
"2010-05-24",5.5414
"2010-05-25",5.5922
"2010-05-26",5.6406
"2010-05-27",5.6326
"2010-05-28",5.6565
"2010-05-31",5.6146
"2010-06-01",5.6413
"2010-06-02",5.6131
"2010-06-03",5.6359
"2010-06-04",5.6423
"2010-06-07",5.6511
"2010-06-08",5.6452
"2010-06-09",5.6604
"2010-06-10",5.6356
"2010-06-11",5.6147
"2010-06-14",5.6694
"2010-06-15",5.6448
"2010-06-16",5.6483
"2010-06-17",5.6319
"2010-06-18",5.6301
"2010-06-21",5.6647
"2010-06-22",5.6508
"2010-06-23",5.5971
"2010-06-24",5.6549
"2010-06-25",5.6269
"2010-06-28",5.6727
"2010-06-29",5.6564
"2010-06-30",5.6804
"2010-07-01",5.6408
"2010-07-02",5.6572
"2010-07-05",5.6491
"2010-07-06",5.6663
"2010-07-07",5.6343
"2010-07-08",5.6449
"2010-07-09",5.6617
"2010-07-12",5.6522
"2010-07-13",5.6608
"2010-07-14",5.5686
"2010-07-15",5.6445
"2010-07-16",5.6532
"2010-07-19",5.6768
"2010-07-20",5.6724
"2010-07-21",5.6805
"2010-07-22",5.6616
"2010-07-23",5.6445
"2010-07-26",5.6592
"2010-07-27",5.6611
"2010-07-28",5.6699
"2010-07-29",5.6573
"2010-07-30",5.6747
"2010-08-02",5.6556
"2010-08-03",5.6593
"2010-08-04",5.6593
"2010-08-05",5.6465
"2010-08-06",5.6237
"2010-08-09",5.6392
"2010-08-10",5.6371
"2010-08-11",5.6006
"2010-08-12",5.6713
"2010-08-13",5.6777
"2010-08-16",5.6553
"2010-08-17",5.6677
"2010-08-18",5.6648
"2010-08-19",5.6687
"2010-08-20",5.6701
"2010-08-23",5.6441
"2010-08-24",5.6691
"2010-08-25",5.6832
"2010-08-26",5.6554
"2010-08-27",5.6614
"2010-08-30",5.5716
"2010-08-31",5.6775
"2010-09-01",5.6776
"2010-09-02",5.6677
"2010-09-03",5.6649
"2010-09-06",5.5661
"2010-09-07",5.6713
"2010-09-08",5.6788
"2010-09-09",5.6655
"2010-09-10",5.6734
"2010-09-13",5.6705
"2010-09-14",5.6723
"2010-09-15",5.6788
"2010-09-16",5.6625
"2010-09-17",5.6615
"2010-09-20",5.612
"2010-09-21",5.7017
"2010-09-22",5.6148
"2010-09-23",5.6629
"2010-09-24",5.6737
"2010-09-27",5.6711
"2010-09-28",5.6764
"2010-09-29",5.6663
"2010-09-30",5.664
"2010-10-01",5.6431
"2010-10-04",5.6453
"2010-10-05",5.6648
"2010-10-06",5.6605
"2010-10-07",5.6553
"2010-10-08",5.6616
"2010-10-11",5.55
"2010-10-12",5.6082
"2010-10-13",5.641
"2010-10-14",5.6608
"2010-10-15",5.657
"2010-10-18",5.6399
"2010-10-19",5.694
"2010-10-20",5.7366
"2010-10-21",5.7256
"2010-10-22",5.747
"2010-10-25",5.7057
"2010-10-26",5.7487
"2010-10-27",5.7411
"2010-10-28",5.7411
"2010-10-29",5.7411
"2010-11-01",5.7017
"2010-11-02",5.7292
"2010-11-03",5.7436
"2010-11-04",5.6992
"2010-11-05",5.6731
"2010-11-08",5.6729
"2010-11-09",5.7143
"2010-11-10",5.7536
"2010-11-11",5.6948
"2010-11-12",5.726
"2010-11-15",5.716
"2010-11-16",5.7314
"2010-11-17",5.7239
"2010-11-18",5.7153
"2010-11-19",5.6966
"2010-11-22",5.6779
"2010-11-23",5.7219
"2010-11-24",5.7191
"2010-11-25",5.7287
"2010-11-26",5.7283
"2010-11-29",5.7339
"2010-11-30",5.7401
"2010-12-01",5.7695
"2010-12-02",5.7569
"2010-12-03",5.7573
"2010-12-06",5.7338
"2010-12-07",5.7378
"2010-12-08",5.7852
"2010-12-09",5.7472
"2010-12-10",5.7299
"2010-12-13",5.7668
"2010-12-14",5.7604
"2010-12-15",5.7663
"2010-12-16",5.7974
"2010-12-17",5.7428
"2010-12-20",5.7328
"2010-12-21",5.7686
"2010-12-22",5.79
"2010-12-23",5.7546
"2010-12-24",5.7533
"2010-12-27",5.7109
"2010-12-28",5.7523
"2010-12-29",5.7859
"2010-12-30",5.7514
"2010-12-31",5.7519
"2011-01-03",5.7287
"2011-01-04",5.775
"2011-01-05",5.7483
"2011-01-06",5.7629
"2011-01-07",5.7841
"2011-01-10",5.7818
"2011-01-11",5.7542
"2011-01-12",5.6779
"2011-01-13",5.7281
"2011-01-14",5.7683
"2011-01-17",5.678
"2011-01-18",5.7938
"2011-01-19",5.7942
"2011-01-20",5.7892
"2011-01-21",5.7097
"2011-01-24",5.6551
"2011-01-25",5.7919
"2011-01-26",5.7616
"2011-01-27",5.7875
"2011-01-28",5.8034
"2011-01-31",5.8339
"2011-02-01",5.822
"2011-02-02",5.8066
"2011-02-03",5.8066
"2011-02-04",5.8336
"2011-02-07",5.7696
"2011-02-08",5.8216
"2011-02-09",5.8604
"2011-02-10",5.8318
"2011-02-11",5.8576
"2011-02-14",5.8448
"2011-02-15",5.8353
"2011-02-16",5.8414
"2011-02-17",5.8289
"2011-02-18",5.8395
"2011-02-21",5.8246
"2011-02-22",5.8555
"2011-02-23",5.8455
"2011-02-24",5.8537
"2011-02-25",5.8543
"2011-02-28",5.8696
"2011-03-01",5.8638
"2011-03-02",5.8952
"2011-03-03",5.882
"2011-03-04",5.8775
"2011-03-07",5.876
"2011-03-08",5.8898
"2011-03-09",5.8933
"2011-03-10",5.9017
"2011-03-11",5.9052
"2011-03-14",5.8584
"2011-03-15",5.9141
"2011-03-16",5.9088
"2011-03-17",5.9308
"2011-03-18",5.9055
"2011-03-21",5.9132
"2011-03-22",5.9062
"2011-03-23",5.9451
"2011-03-24",5.9474
"2011-03-25",5.9394
"2011-03-28",5.9016
"2011-03-29",5.9413
"2011-03-30",5.9235
"2011-03-31",5.9379
"2011-04-01",5.9564
"2011-04-04",5.9381
"2011-04-05",5.9348
"2011-04-06",5.9364
"2011-04-07",5.9493
"2011-04-08",5.9376
"2011-04-11",5.8391
"2011-04-12",5.9585
"2011-04-13",5.942
"2011-04-14",5.9643
"2011-04-15",NA
"2011-04-18",5.9548
"2011-04-19",5.9339
"2011-04-20",5.9293
"2011-04-21",5.9372
"2011-04-22",5.9475
"2011-04-25",5.9467
"2011-04-26",5.9383
"2011-04-27",5.9073
"2011-04-28",5.8829
"2011-04-29",5.9082
"2011-05-02",5.9425
"2011-05-03",5.954
"2011-05-04",5.9513
"2011-05-05",5.949
"2011-05-06",5.9415
"2011-05-09",5.9864
"2011-05-10",5.886
"2011-05-11",5.9001
"2011-05-12",5.9448
"2011-05-13",5.9159
"2011-05-16",5.9453
"2011-05-17",5.9507
"2011-05-18",5.8177
"2011-05-19",5.9393
"2011-05-20",5.9149
"2011-05-23",5.9665
"2011-05-24",5.9229
"2011-05-25",5.9425
"2011-05-26",5.9475
"2011-05-27",5.9212
"2011-05-30",5.9338
"2011-05-31",5.9098
"2011-06-01",5.9057
"2011-06-02",5.9613
"2011-06-03",5.9023
"2011-06-06",5.9049
"2011-06-07",5.9353
"2011-06-08",5.9197
"2011-06-09",5.9208
"2011-06-10",5.9306
"2011-06-13",5.8919
"2011-06-14",5.9087
"2011-06-15",5.9378
"2011-06-16",5.9397
"2011-06-17",5.911
"2011-06-20",5.9392
"2011-06-21",5.9243
"2011-06-22",5.9414
"2011-06-23",5.979
"2011-06-24",5.9029
"2011-06-27",5.8694
"2011-06-28",5.8176
"2011-06-29",5.9506
"2011-06-30",5.9305
"2011-07-01",5.8575
"2011-07-04",5.9361
"2011-07-05",5.9252
"2011-07-06",5.961
"2011-07-07",5.9413
"2011-07-08",5.9342
"2011-07-11",5.9587
"2011-07-12",5.9296
"2011-07-13",5.9524
"2011-07-14",5.9137
"2011-07-15",5.9454
"2011-07-18",5.9488
"2011-07-19",5.91
"2011-07-20",5.9375
"2011-07-21",5.9219
"2011-07-22",5.9209
"2011-07-25",5.8648
"2011-07-26",5.9395
"2011-07-27",5.9366
"2011-07-28",5.9402
"2011-07-29",5.9288
"2011-08-01",5.952
"2011-08-02",5.9161
"2011-08-03",5.8569
"2011-08-04",5.8377
"2011-08-05",5.9707
"2011-08-08",5.8745
"2011-08-09",5.9708
"2011-08-10",5.8817
"2011-08-11",5.9723
"2011-08-12",5.9499
"2011-08-15",5.84
"2011-08-16",5.9537
"2011-08-17",5.8511
"2011-08-18",5.8771
"2011-08-19",5.9478
"2011-08-22",5.8431
"2011-08-23",5.9711
"2011-08-24",5.9587
"2011-08-25",5.9351
"2011-08-26",5.9425
"2011-08-29",5.9323
"2011-08-30",5.9319
"2011-08-31",5.9405
"2011-09-01",5.9498
"2011-09-02",5.9411
"2011-09-05",5.959
"2011-09-06",5.96
"2011-09-07",5.9414
"2011-09-08",5.9505
"2011-09-09",5.9825
"2011-09-12",5.9912
"2011-09-13",5.9234
"2011-09-14",5.9314
"2011-09-15",5.9242
"2011-09-16",5.9349
"2011-09-19",5.9728
"2011-09-20",5.9599
"2011-09-21",5.9471
"2011-09-22",6.0071
"2011-09-23",5.9386
"2011-09-26",5.9398
"2011-09-27",5.9401
"2011-09-28",5.956
"2011-09-29",5.9832
"2011-09-30",5.9703
"2011-10-03",5.9819
"2011-10-04",5.9772
"2011-10-05",5.9228
"2011-10-06",5.9428
"2011-10-07",5.9319
"2011-10-10",6.0027
"2011-10-11",5.9656
"2011-10-12",5.9575
"2011-10-13",5.9558
"2011-10-14",5.9539
"2011-10-17",5.8253
"2011-10-18",5.9648
"2011-10-19",5.949
"2011-10-20",5.9672
"2011-10-21",5.9105
"2011-10-24",5.9719
"2011-10-25",5.9588
"2011-10-26",5.9501
"2011-10-27",5.9369
"2011-10-28",5.9525
"2011-10-31",5.9676
"2011-11-01",5.981
"2011-11-02",5.9673
"2011-11-03",5.9773
"2011-11-04",5.9339
"2011-11-07",5.9327
"2011-11-08",5.9443
"2011-11-09",5.9357
"2011-11-10",5.9847
"2011-11-11",5.9562
"2011-11-14",5.9514
"2011-11-15",5.9593
"2011-11-16",5.9685
"2011-11-17",5.9888
"2011-11-18",5.9914
"2011-11-21",5.9019
"2011-11-22",5.9852
"2011-11-23",5.9638
"2011-11-24",5.9834
"2011-11-25",5.9828
"2011-11-28",5.9552
"2011-11-29",5.9157
"2011-11-30",5.9929
"2011-12-01",5.9919
"2011-12-02",5.9954
"2011-12-05",5.9735
"2011-12-06",6.0121
"2011-12-07",5.9849
"2011-12-08",5.9849
"2011-12-09",5.9827
"2011-12-12",5.9185
"2011-12-13",5.948
"2011-12-14",6.0398
"2011-12-15",5.9954
"2011-12-16",5.9961
"2011-12-19",5.9985
"2011-12-20",6.0087
"2011-12-21",5.9962
"2011-12-22",6.0083
"2011-12-23",5.9965
"2011-12-26",5.9935
"2011-12-27",5.9907
"2011-12-28",5.9099
"2011-12-29",6.0137
"2011-12-30",6.0095
"2012-01-02",6.0221
"2012-01-03",6.0087
"2012-01-04",6.0159
"2012-01-05",6.0162
"2012-01-06",6.0165
"2012-01-09",6.0353
"2012-01-10",6.0035
"2012-01-11",6.0304
"2012-01-12",5.9954
"2012-01-13",6.0167
"2012-01-16",6.0407
"2012-01-17",6.024
"2012-01-18",6.0248
"2012-01-19",5.9968
"2012-01-20",6.009
"2012-01-23",5.9318
"2012-01-24",6.0271
"2012-01-25",6.0004
"2012-01-26",5.9635
"2012-01-27",6.0439
"2012-01-30",5.8895
"2012-01-31",5.9996
"2012-02-01",5.9966
"2012-02-02",6.0232
"2012-02-03",6.0276
"2012-02-06",6.0052
"2012-02-07",6.0188
"2012-02-08",6.0168
"2012-02-09",6.018
"2012-02-10",6.0203
"2012-02-13",5.9238
"2012-02-14",6.0156
"2012-02-15",6.0098
"2012-02-16",6.0162
"2012-02-17",6.0245
"2012-02-20",5.8848
"2012-02-21",6.0198
"2012-02-22",6.0186
"2012-02-23",6.0141
"2012-02-24",6.0136
"2012-02-27",6.0074
"2012-02-28",6.0169
"2012-02-29",6.0091
"2012-03-01",6.0139
"2012-03-02",6.0073
"2012-03-05",6.0223
"2012-03-06",6.0084
"2012-03-07",6.0098
"2012-03-08",6.0221
"2012-03-09",6.016
"2012-03-12",6.0089
"2012-03-13",6.0096
"2012-03-14",6.0125
"2012-03-15",6.0138
"2012-03-16",6.0195
"2012-03-19",6.0112
"2012-03-20",6.0201
"2012-03-21",6.0093
"2012-03-22",6.0123
"2012-03-23",6.0108
"2012-03-26",5.8972
"2012-03-27",6.0164
"2012-03-28",6.0194
"2012-03-29",6.0233
"2012-03-30",6.0207
"2012-04-02",6.0128
"2012-04-03",6.0146
"2012-04-04",6.0222
"2012-04-05",6.0188
"2012-04-06",6.0208
"2012-04-09",5.9149
"2012-04-10",5.9032
"2012-04-11",6.0207
"2012-04-12",6.0138
"2012-04-13",6.0185
"2012-04-16",5.9801
"2012-04-17",6.0212
"2012-04-18",6.0195
"2012-04-19",6.0279
"2012-04-20",6.024
"2012-04-23",6.0303
"2012-04-24",6.0227
"2012-04-25",6.0283
"2012-04-26",6.0248
"2012-04-27",5.9403
"2012-04-30",6.0363
"2012-05-01",6.0235
"2012-05-02",6.0236
"2012-05-03",6.0271
"2012-05-04",6.022
"2012-05-07",6.0044
"2012-05-08",6.0193
"2012-05-09",6.0184
"2012-05-10",6.0186
"2012-05-11",6.0206
"2012-05-14",6.0148
"2012-05-15",6.0073
"2012-05-16",6.012
"2012-05-17",6.0135
"2012-05-18",6.0252
"2012-05-21",6.0272
"2012-05-22",6.0278
"2012-05-23",6.0201
"2012-05-24",6.021
"2012-05-25",6.0176
"2012-05-28",5.9218
"2012-05-29",6.0136
"2012-05-30",6.0263
"2012-05-31",6.0192
"2012-06-01",6.0162
"2012-06-04",5.8837
"2012-06-05",6.0104
"2012-06-06",6.0172
"2012-06-07",6.0195
"2012-06-08",6.0167
"2012-06-11",5.8276
"2012-06-12",6.0152
"2012-06-13",6.0203
"2012-06-14",6.0241
"2012-06-15",6.0311
"2012-06-18",5.8859
"2012-06-19",6.0263
"2012-06-20",6.0303
"2012-06-21",6.0325
"2012-06-22",6.0316
"2012-06-25",6.0443
"2012-06-26",6.0399
"2012-06-27",6.0391
"2012-06-28",6.0416
"2012-06-29",6.0395
"2012-07-02",5.9036
"2012-07-03",6.0358
"2012-07-04",6.0351
"2012-07-05",6.0406
"2012-07-06",6.0382
"2012-07-09",5.9873
"2012-07-10",6.0391
"2012-07-11",6.04
"2012-07-12",6.039
"2012-07-13",6.0398
"2012-07-16",5.9199
"2012-07-17",6.0457
"2012-07-18",6.0448
"2012-07-19",6.0472
"2012-07-20",6.0443
"2012-07-23",5.9966
"2012-07-24",6.0415
"2012-07-25",6.0477
"2012-07-26",6.0421
"2012-07-27",6.0474
"2012-07-30",5.9484
"2012-07-31",6.0526
"2012-08-01",6.0543
"2012-08-02",6.0534
"2012-08-03",6.0579
"2012-08-06",5.8908
"2012-08-07",6.0572
"2012-08-08",6.0603
"2012-08-09",6.06
"2012-08-10",6.0631
"2012-08-13",5.9563
"2012-08-14",6.0566
"2012-08-15",6.0473
"2012-08-16",6.0572
"2012-08-17",6.0531
"2012-08-20",5.9662
"2012-08-21",6.0551
"2012-08-22",6.063
"2012-08-23",6.0346
"2012-08-24",6.0648
"2012-08-27",5.9753
"2012-08-28",6.0719
"2012-08-29",6.0647
"2012-08-30",6.0769
"2012-08-31",6.0818
"2012-09-03",5.9862
"2012-09-04",6.0802
"2012-09-05",6.0866
"2012-09-06",6.0769
"2012-09-07",6.0727
"2012-09-10",6.0858
"2012-09-11",6.068
"2012-09-12",6.0732
"2012-09-13",6.0743
"2012-09-14",6.0775
"2012-09-17",5.9726
"2012-09-18",6.0711
"2012-09-19",6.069
"2012-09-20",6.0667
"2012-09-21",6.0757
"2012-09-24",5.9958
"2012-09-25",6.0686
"2012-09-26",6.069
"2012-09-27",6.0772
"2012-09-28",6.0726
"2012-10-01",6.0333
"2012-10-02",6.0779
"2012-10-03",6.0778
"2012-10-04",6.0758
"2012-10-05",6.0745
"2012-10-08",5.9749
"2012-10-09",6.0701
"2012-10-10",6.0707
"2012-10-11",6.0727
"2012-10-12",6.0769
"2012-10-15",5.999
"2012-10-16",6.0859
"2012-10-17",6.0857
"2012-10-18",6.086
"2012-10-19",6.0888
"2012-10-22",6.0043
"2012-10-23",6.0798
"2012-10-24",6.0832
"2012-10-25",6.0854
"2012-10-26",6.0843
"2012-10-29",5.9745
"2012-10-30",6.0854
"2012-10-31",6.0904
"2012-11-01",6.0912
"2012-11-02",6.0823
"2012-11-05",6.0139
"2012-11-06",6.0923
"2012-11-07",6.0987
"2012-11-08",6.0963
"2012-11-09",6.0991
"2012-11-12",5.994
"2012-11-13",6.0777
"2012-11-14",6.0774
"2012-11-15",6.0827
"2012-11-16",6.0807
"2012-11-19",5.9723
"2012-11-20",6.0785
"2012-11-21",6.0857
"2012-11-22",6.074
"2012-11-23",6.0717
"2012-11-26",5.9442
"2012-11-27",6.0823
"2012-11-28",6.0875
"2012-11-29",6.0874
"2012-11-30",6.0915
"2012-12-03",6.0003
"2012-12-04",6.092
"2012-12-05",6.0933
"2012-12-06",6.0999
"2012-12-07",6.1157
"2012-12-10",6.0263
"2012-12-11",6.1243
"2012-12-12",6.1325
"2012-12-13",6.1432
"2012-12-14",6.1511
"2012-12-17",6.1502
"2012-12-18",6.1449
"2012-12-19",6.1525
"2012-12-20",6.1499
"2012-12-21",6.1507
"2012-12-24",6.1495
"2012-12-25",6.1538
"2012-12-26",6.153
"2012-12-27",6.1528
"2012-12-28",6.1675
"2012-12-31",6.0534
"2013-01-01",6.3411
"2013-01-02",6.3404
"2013-01-03",6.37
"2013-01-04",6.4029
"2013-01-07",6.2745
"2013-01-08",6.4275
"2013-01-09",6.4617
"2013-01-10",6.493
"2013-01-11",6.5232
"2013-01-14",6.5143
"2013-01-15",6.5456
"2013-01-16",6.563
"2013-01-17",6.5643
"2013-01-18",6.5878
"2013-01-21",6.5066
"2013-01-22",6.6053
"2013-01-23",6.6181
"2013-01-24",6.6177
"2013-01-25",6.6178
"2013-01-28",6.5077
"2013-01-29",6.6388
"2013-01-30",6.6652
"2013-01-31",6.6686
"2013-02-01",6.6976
"2013-02-04",6.6006
"2013-02-05",6.6913
"2013-02-06",6.6809
"2013-02-07",6.681
"2013-02-08",6.6988
"2013-02-11",6.6247
"2013-02-12",6.6978
"2013-02-13",6.7004
"2013-02-14",6.7117
"2013-02-15",6.7133
"2013-02-18",6.6138
"2013-02-19",6.7167
"2013-02-20",6.7102
"2013-02-21",6.7161
"2013-02-22",6.7128
"2013-02-25",6.6076
"2013-02-26",6.7225
"2013-02-27",6.7184
"2013-02-28",6.7188
"2013-03-01",6.7238
"2013-03-04",6.7222
"2013-03-05",6.7245
"2013-03-06",6.7249
"2013-03-07",6.7327
"2013-03-08",6.7342
"2013-03-11",6.7422
"2013-03-12",6.7421
"2013-03-13",6.7421
"2013-03-14",6.7548
"2013-03-15",6.7618
"2013-03-18",6.7548
"2013-03-19",6.7695
"2013-03-20",6.7679
"2013-03-21",6.7691
"2013-03-22",6.7776
"2013-03-25",6.643
"2013-03-26",6.7786
"2013-03-27",6.7784
"2013-03-28",6.7812
"2013-03-29",6.7819
"2013-04-01",6.688
"2013-04-02",6.6657
"2013-04-03",6.79
"2013-04-04",6.7982
"2013-04-05",6.8188
"2013-04-08",6.8264
"2013-04-09",6.8269
"2013-04-10",6.8303
"2013-04-11",6.8437
"2013-04-12",6.8505
"2013-04-15",6.8601
"2013-04-16",6.8657
"2013-04-17",6.8675
"2013-04-18",6.8738
"2013-04-19",6.8209
"2013-04-22",6.8049
"2013-04-23",6.9003
"2013-04-24",6.904
"2013-04-25",6.907
"2013-04-26",6.9073
"2013-04-29",6.7901
"2013-04-30",6.9159
"2013-05-01",6.9161
"2013-05-02",6.9165
"2013-05-03",6.9226
"2013-05-06",6.8257
"2013-05-07",6.9234
"2013-05-08",6.9232
"2013-05-09",6.8184
"2013-05-10",6.9384
"2013-05-13",6.8556
"2013-05-14",6.9408
"2013-05-15",6.9458
"2013-05-16",6.9451
"2013-05-17",6.9574
"2013-05-20",6.8703
"2013-05-21",6.9608
"2013-05-22",6.9612
"2013-05-23",6.9667
"2013-05-24",6.9661
"2013-05-27",6.8776
"2013-05-28",6.9623
"2013-05-29",6.963
"2013-05-30",6.9637
"2013-05-31",6.9642
"2013-06-03",6.8666
"2013-06-04",6.9663
"2013-06-05",6.9691
"2013-06-06",6.9676
"2013-06-07",6.9715
"2013-06-10",6.8893
"2013-06-11",6.9715
"2013-06-12",6.9717
"2013-06-13",6.9699
"2013-06-14",6.9749
"2013-06-17",6.8653
"2013-06-18",6.9758
"2013-06-19",6.9793
"2013-06-20",6.9808
"2013-06-21",6.9802
"2013-06-24",6.9963
"2013-06-25",6.9867
"2013-06-26",6.9897
"2013-06-27",6.9929
"2013-06-28",7.0012
"2013-07-01",6.9334
"2013-07-02",6.9981
"2013-07-03",6.9992
"2013-07-04",7.0067
"2013-07-05",7.0107
"2013-07-08",7.0109
"2013-07-09",7.0009
"2013-07-10",7.0015
"2013-07-11",6.9835
"2013-07-12",6.9789
"2013-07-15",6.8742
"2013-07-16",6.9858
"2013-07-17",6.9859
"2013-07-18",6.9831
"2013-07-19",6.9833
"2013-07-22",6.8638
"2013-07-23",6.9843
"2013-07-24",6.9833
"2013-07-25",6.9862
"2013-07-26",6.9855
"2013-07-29",6.8803
"2013-07-30",6.9827
"2013-07-31",6.9795
"2013-08-01",6.9804
"2013-08-02",6.9721
"2013-08-05",6.9746
"2013-08-06",6.9747
"2013-08-07",6.979
"2013-08-08",6.9695
"2013-08-09",6.9663
"2013-08-12",6.9675
"2013-08-13",6.9701
"2013-08-14",6.9705
"2013-08-15",6.9714
"2013-08-16",6.9679
"2013-08-19",6.8809
"2013-08-20",6.9697
"2013-08-21",6.9681
"2013-08-22",6.9726
"2013-08-23",6.9677
"2013-08-26",6.964
"2013-08-27",6.9664
"2013-08-28",6.9579
"2013-08-29",6.9694
"2013-08-30",6.9702
"2013-09-02",6.8888
"2013-09-03",6.9665
"2013-09-04",6.9658
"2013-09-05",6.8864
"2013-09-06",6.8875
"2013-09-09",6.8915
"2013-09-10",6.8749
"2013-09-11",6.876
"2013-09-12",6.876
"2013-09-13",6.8744
"2013-09-16",6.745
"2013-09-17",6.8751
"2013-09-18",6.8743
"2013-09-19",6.8787
"2013-09-20",6.8735
"2013-09-23",6.7836
"2013-09-24",6.8731
"2013-09-25",6.8738
"2013-09-26",6.875
"2013-09-27",6.8743
"2013-09-30",6.7856
"2013-10-01",6.8723
"2013-10-02",6.8713
"2013-10-03",6.8718
"2013-10-04",6.8736
"2013-10-07",6.7938
"2013-10-08",NA
"2013-10-09",6.8728
"2013-10-10",6.8698
"2013-10-11",6.8702
"2013-10-14",6.7858
"2013-10-15",6.8698
"2013-10-16",6.873
"2013-10-17",6.873
"2013-10-18",6.8742
"2013-10-21",6.7884
"2013-10-22",6.8707
"2013-10-23",6.8723
"2013-10-24",6.8708
"2013-10-25",6.8699
"2013-10-28",6.7778
"2013-10-29",6.8709
"2013-10-30",6.8725
"2013-10-31",6.869
"2013-11-01",6.8709
"2013-11-04",6.7878
"2013-11-05",6.8684
"2013-11-06",6.8715
"2013-11-07",6.8704
"2013-11-08",6.8708
"2013-11-11",6.8142
"2013-11-12",6.8695
"2013-11-13",6.8715
"2013-11-14",6.871
"2013-11-15",6.8717
"2013-11-18",6.7604
"2013-11-19",6.8703
"2013-11-20",6.8694
"2013-11-21",6.8692
"2013-11-22",6.8718
"2013-11-25",6.8716
"2013-11-26",6.8693
"2013-11-27",6.8691
"2013-11-28",6.8687
"2013-11-29",6.864
"2013-12-02",6.8679
"2013-12-03",6.8684
"2013-12-04",6.8691
"2013-12-05",6.8683
"2013-12-06",6.8703
"2013-12-09",6.7596
"2013-12-10",6.8675
"2013-12-11",6.8679
"2013-12-12",6.8698
"2013-12-13",6.8677
"2013-12-16",6.8673
"2013-12-17",6.8679
"2013-12-18",6.8678
"2013-12-19",6.876
"2013-12-20",6.889
"2013-12-23",6.7839
"2013-12-24",6.8881
"2013-12-25",6.8982
"2013-12-26",6.9043
"2013-12-27",6.8904
"2013-12-30",6.9141
"2013-12-31",6.9187
"2014-01-01",6.9374
"2014-01-02",6.9257
"2014-01-03",6.9391
"2014-01-06",6.9352
"2014-01-07",6.9404
"2014-01-08",6.9394
"2014-01-09",6.9411
"2014-01-10",6.9424
"2014-01-13",6.9396
"2014-01-14",6.9365
"2014-01-15",6.944
"2014-01-16",6.9476
"2014-01-17",6.9442
"2014-01-20",6.8871
"2014-01-21",6.9423
"2014-01-22",6.9454
"2014-01-23",6.9459
"2014-01-24",6.9449
"2014-01-27",6.8685
"2014-01-28",6.9424
"2014-01-29",6.9441
"2014-01-30",6.9449
"2014-01-31",6.9434
"2014-02-03",6.8822
"2014-02-04",6.9432
"2014-02-05",6.9435
"2014-02-06",6.9425
"2014-02-07",6.9416
"2014-02-10",6.9529
"2014-02-11",6.9444
"2014-02-12",6.9436
"2014-02-13",6.9425
"2014-02-14",6.9428
"2014-02-17",6.9407
"2014-02-18",6.9435
"2014-02-19",6.9429
"2014-02-20",6.9451
"2014-02-21",6.9424
"2014-02-24",6.8359
"2014-02-25",6.9422
"2014-02-26",6.9424
"2014-02-27",6.9438
"2014-02-28",6.9425
"2014-03-03",6.86
"2014-03-04",6.942
"2014-03-05",6.941
"2014-03-06",6.942
"2014-03-07",6.943
"2014-03-10",6.8653
"2014-03-11",6.942
"2014-03-12",6.9418
"2014-03-13",6.9429
"2014-03-14",6.9418
"2014-03-17",6.84
"2014-03-18",6.9422
"2014-03-19",6.9421
"2014-03-20",6.945
"2014-03-21",6.9407
"2014-03-24",6.9416
"2014-03-25",6.9428
"2014-03-26",6.9443
"2014-03-27",6.9475
"2014-03-28",6.9498
"2014-03-31",6.8488
"2014-04-01",6.9501
"2014-04-02",6.9503
"2014-04-03",6.9535
"2014-04-04",6.9534
"2014-04-07",6.9515
"2014-04-08",6.9577
"2014-04-09",6.9568
"2014-04-10",6.9571
"2014-04-11",6.9581
"2014-04-14",6.9757
"2014-04-15",6.9621
"2014-04-16",6.9624
"2014-04-17",6.9661
"2014-04-18",6.9747
"2014-04-21",6.9008
"2014-04-22",6.9846
"2014-04-23",6.9725
"2014-04-24",6.9784
"2014-04-25",6.9782
"2014-04-28",6.9745
"2014-04-29",6.9828
"2014-04-30",6.9812
"2014-05-01",6.9894
"2014-05-02",6.9891
"2014-05-05",6.9897
"2014-05-06",6.9975
"2014-05-07",6.9962
"2014-05-08",7.0119
"2014-05-09",7.0266
"2014-05-12",7.0268
"2014-05-13",7.0367
"2014-05-14",7.0363
"2014-05-15",7.0864
"2014-05-16",7.0939
"2014-05-19",6.9982
"2014-05-20",7.0968
"2014-05-21",7.0972
"2014-05-22",7.1085
"2014-05-23",7.1153
"2014-05-26",7.1143
"2014-05-27",7.1264
"2014-05-28",7.1271
"2014-05-29",7.1304
"2014-05-30",7.1318
"2014-06-02",7.1363
"2014-06-03",7.1223
"2014-06-04",7.1309
"2014-06-05",7.1314
"2014-06-06",7.132
"2014-06-09",7.1331
"2014-06-10",7.1302
"2014-06-11",7.1314
"2014-06-12",7.1308
"2014-06-13",7.1302
"2014-06-16",7.1343
"2014-06-17",7.131
"2014-06-18",7.1312
"2014-06-19",7.1322
"2014-06-20",7.1309
"2014-06-23",7.1352
"2014-06-24",7.1301
"2014-06-25",7.1332
"2014-06-26",7.1316
"2014-06-27",7.1314
"2014-06-30",7.1338
"2014-07-01",7.1327
"2014-07-02",7.1301
"2014-07-03",7.134
"2014-07-04",7.132
"2014-07-07",7.1355
"2014-07-08",7.133
"2014-07-09",7.1315
"2014-07-10",7.1317
"2014-07-11",7.1304
"2014-07-14",7.1354
"2014-07-15",7.1317
"2014-07-16",7.1314
"2014-07-17",7.1318
"2014-07-18",7.1287
"2014-07-21",7.0353
"2014-07-22",7.1322
"2014-07-23",7.1301
"2014-07-24",7.1301
"2014-07-25",7.132
"2014-07-28",7.1325
"2014-07-29",7.131
"2014-07-30",7.131
"2014-07-31",7.1312
"2014-08-01",7.1312
"2014-08-04",7.1314
"2014-08-05",7.1316
"2014-08-06",7.1301
"2014-08-07",7.1312
"2014-08-08",7.1325
"2014-08-11",7.1351
"2014-08-12",7.1316
"2014-08-13",7.1325
"2014-08-14",7.131
"2014-08-15",7.1324
"2014-08-18",7.1301
"2014-08-19",7.133
"2014-08-20",7.1309
"2014-08-21",7.1309
"2014-08-22",7.1328
"2014-08-25",7.1567
"2014-08-26",7.1317
"2014-08-27",7.1317
"2014-08-28",7.1312
"2014-08-29",7.1321
"2014-09-01",7.0688
"2014-09-02",7.1297
"2014-09-03",7.1312
"2014-09-04",7.1331
"2014-09-05",7.1295
"2014-09-08",7.131
"2014-09-09",7.1334
"2014-09-10",7.1311
"2014-09-11",7.1328
"2014-09-12",7.1316
"2014-09-15",7.0174
"2014-09-16",7.1312
"2014-09-17",7.1294
"2014-09-18",7.127
"2014-09-19",7.1315
"2014-09-22",7.0459
"2014-09-23",7.1307
"2014-09-24",7.1268
"2014-09-25",7.1294
"2014-09-26",7.1318
"2014-09-29",7.0719
"2014-09-30",7.1299
"2014-10-01",7.1314
"2014-10-02",7.1304
"2014-10-03",7.1305
"2014-10-06",7.0908
"2014-10-07",7.1343
"2014-10-08",7.1374
"2014-10-09",7.1306
"2014-10-10",7.131
"2014-10-13",7.0475
"2014-10-14",7.1384
"2014-10-15",7.1309
"2014-10-16",7.1302
"2014-10-17",7.1348
"2014-10-20",7.1364
"2014-10-21",7.1316
"2014-10-22",7.1283
"2014-10-23",7.1329
"2014-10-24",7.1298
"2014-10-27",7.019
"2014-10-28",7.1299
"2014-10-29",7.1301
"2014-10-30",7.1345
"2014-10-31",7.129
"2014-11-03",7.0754
"2014-11-04",7.127
"2014-11-05",7.1305
"2014-11-06",7.1283
"2014-11-07",7.1299
"2014-11-10",6.9917
"2014-11-11",7.1269
"2014-11-12",7.1279
"2014-11-13",7.129
"2014-11-14",7.1305
"2014-11-17",6.9876
"2014-11-18",7.1286
"2014-11-19",7.1313
"2014-11-20",7.1315
"2014-11-21",7.129
"2014-11-24",7.1407
"2014-11-25",7.1316
"2014-11-26",7.1277
"2014-11-27",7.1307
"2014-11-28",7.1307
"2014-12-01",7.0507
"2014-12-02",7.131
"2014-12-03",7.1282
"2014-12-04",7.1278
"2014-12-05",7.1277
"2014-12-08",7.1248
"2014-12-09",7.1336
"2014-12-10",7.133
"2014-12-11",7.1268
"2014-12-12",7.1341
"2014-12-15",7.1258
"2014-12-16",7.1316
"2014-12-17",7.1266
"2014-12-18",7.1292
"2014-12-19",7.1276
"2014-12-22",7.1334
"2014-12-23",7.1294
"2014-12-24",7.13
"2014-12-25",7.1331
"2014-12-26",7.1265
"2014-12-29",7.1493
"2014-12-30",7.1293
"2014-12-31",7.1296
"2015-01-01",7.1295
"2015-01-02",7.1352
"2015-01-05",7.1689
"2015-01-06",7.1189
"2015-01-07",7.1289
"2015-01-08",7.1353
"2015-01-09",7.1228
"2015-01-12",7.1122
"2015-01-13",7.1267
"2015-01-14",7.1256
"2015-01-15",7.1263
"2015-01-16",7.127
"2015-01-19",7.1264
"2015-01-20",7.2295
"2015-01-21",7.2781
"2015-01-22",7.33
"2015-01-23",7.3829
"2015-01-26",7.4368
"2015-01-27",7.4185
"2015-01-28",7.4138
"2015-01-29",7.4458
"2015-01-30",7.5624
"2015-02-02",7.5538
"2015-02-03",7.5915
"2015-02-04",7.6164
"2015-02-05",7.6015
"2015-02-06",7.6103
"2015-02-09",7.6153
"2015-02-10",7.6129
"2015-02-11",7.5856
"2015-02-12",7.5991
"2015-02-13",7.6029
"2015-02-16",7.6005
"2015-02-17",7.6071
"2015-02-18",7.6132
"2015-02-19",7.6096
"2015-02-20",7.6054
"2015-02-23",7.6101
"2015-02-24",7.6115
"2015-02-25",7.6093
"2015-02-26",7.6062
"2015-02-27",7.6044
"2015-03-02",7.6293
"2015-03-03",7.6077
"2015-03-04",7.6047
"2015-03-05",7.6057
"2015-03-06",7.6058
"2015-03-09",7.6092
"2015-03-10",7.6141
"2015-03-11",7.605
"2015-03-12",7.6114
"2015-03-13",7.6064
"2015-03-16",7.6089
"2015-03-17",7.6072
"2015-03-18",7.6006
"2015-03-19",7.6054
"2015-03-20",7.6101
"2015-03-23",7.6021
"2015-03-24",7.6104
"2015-03-25",7.6148
"2015-03-26",7.6089
"2015-03-27",7.6032
"2015-03-30",7.6127
"2015-03-31",7.601
"2015-04-01",7.6101
"2015-04-02",7.6067
"2015-04-03",7.6111
"2015-04-06",7.5204
"2015-04-07",7.5664
"2015-04-08",7.6088
"2015-04-09",7.6088
"2015-04-10",7.6008
"2015-04-13",7.6011
"2015-04-14",7.6078
"2015-04-15",7.6069
"2015-04-16",7.6071
"2015-04-17",7.6119
"2015-04-20",7.604
"2015-04-21",7.604
"2015-04-22",7.6018
"2015-04-23",7.6066
"2015-04-24",7.6037
"2015-04-27",7.6087
"2015-04-28",7.6029
"2015-04-29",7.6098
"2015-04-30",7.6108
"2015-05-01",7.6185
"2015-05-04",7.6392
"2015-05-05",7.6091
"2015-05-06",7.6029
"2015-05-07",7.612
"2015-05-08",7.6108
"2015-05-11",7.6175
"2015-05-12",7.6126
"2015-05-13",7.6057
"2015-05-14",7.6015
"2015-05-15",7.6037
"2015-05-18",7.6071
"2015-05-19",7.6051
"2015-05-20",7.6073
"2015-05-21",7.6027
"2015-05-22",7.6072
"2015-05-25",7.6244
"2015-05-26",7.6102
"2015-05-27",7.6089
"2015-05-28",7.6078
"2015-05-29",7.6132
"2015-06-01",7.632
"2015-06-02",7.6082
"2015-06-03",7.613
"2015-06-04",7.6107
"2015-06-05",7.6074
"2015-06-08",7.6127
"2015-06-09",7.6083
"2015-06-10",7.6035
"2015-06-11",7.6094
"2015-06-12",7.6105
"2015-06-15",7.6385
"2015-06-16",7.6053
"2015-06-17",7.6088
"2015-06-18",7.6066
"2015-06-19",7.6065
"2015-06-22",7.5911
"2015-06-23",7.608
"2015-06-24",7.6042
"2015-06-25",7.6077
"2015-06-26",7.605
"2015-06-29",7.7355
"2015-06-30",7.6036
"2015-07-01",7.6176
"2015-07-02",7.6071
"2015-07-03",7.7033
"2015-07-06",7.7809
"2015-07-07",7.7079
"2015-07-08",7.809
"2015-07-09",7.8077
"2015-07-10",7.8065
"2015-07-13",7.8319
"2015-07-14",7.8067
"2015-07-15",7.8061
"2015-07-16",7.8068
"2015-07-17",7.8038
"2015-07-20",7.8101
"2015-07-21",7.8065
"2015-07-22",7.8087
"2015-07-23",7.8087
"2015-07-24",7.8092
"2015-07-27",7.8109
"2015-07-28",7.8063
"2015-07-29",7.8065
"2015-07-30",7.8108
"2015-07-31",7.8055
"2015-08-03",7.8178
"2015-08-04",7.8048
"2015-08-05",7.8071
"2015-08-06",7.8076
"2015-08-07",7.8063
"2015-08-10",7.8072
"2015-08-11",7.8089
"2015-08-12",7.8074
"2015-08-13",7.8048
"2015-08-14",7.8032
"2015-08-17",7.822
"2015-08-18",7.8064
"2015-08-19",7.8047
"2015-08-20",7.8079
"2015-08-21",7.8062
"2015-08-24",7.8125
"2015-08-25",7.8101
"2015-08-26",7.8054
"2015-08-27",7.805
"2015-08-28",7.8103
"2015-08-31",7.7906
"2015-09-01",7.8083
"2015-09-02",7.8052
"2015-09-03",7.8079
"2015-09-04",7.8054
"2015-09-07",7.8031
"2015-09-08",7.8097
"2015-09-09",7.8084
"2015-09-10",7.8082
"2015-09-11",7.8051
"2015-09-14",7.8019
"2015-09-15",7.8083
"2015-09-16",7.8085
"2015-09-17",7.8084
"2015-09-18",7.8032
"2015-09-21",7.8168
"2015-09-22",7.8077
"2015-09-23",7.8143
"2015-09-24",7.8074
"2015-09-25",7.8094
"2015-09-28",7.8038
"2015-09-29",7.8076
"2015-09-30",7.8086
"2015-10-01",7.8081
"2015-10-02",7.8058
"2015-10-05",7.8044
"2015-10-06",7.8063
"2015-10-07",7.8101
"2015-10-08",7.8062
"2015-10-09",7.8093
"2015-10-12",7.8026
"2015-10-13",7.8082
"2015-10-14",7.8081
"2015-10-15",7.8053
"2015-10-16",7.9094
"2015-10-19",7.906
"2015-10-20",8.0079
"2015-10-21",8.0084
"2015-10-22",8.0082
"2015-10-23",8.0083
"2015-10-26",8.0022
"2015-10-27",8.0014
"2015-10-28",8.0056
"2015-10-29",8.0088
"2015-10-30",8.0078
"2015-11-02",7.9969
"2015-11-03",8.0086
"2015-11-04",8.0099
"2015-11-05",8.0044
"2015-11-06",8.0058
"2015-11-09",8.011
"2015-11-10",8.0086
"2015-11-11",8.0079
"2015-11-12",7.8093
"2015-11-13",7.8063
"2015-11-16",7.8615
"2015-11-17",7.8064
"2015-11-18",7.8057
"2015-11-19",7.8077
"2015-11-20",7.8053
"2015-11-23",7.7199
"2015-11-24",7.805
"2015-11-25",7.8048
"2015-11-26",7.8065
"2015-11-27",7.8058
"2015-11-30",7.8165
"2015-12-01",7.8075
"2015-12-02",7.8076
"2015-12-03",7.8057
"2015-12-04",7.8084
"2015-12-07",7.8025
"2015-12-08",7.8075
"2015-12-09",7.8052
"2015-12-10",7.8081
"2015-12-11",7.8038
"2015-12-14",7.6859
"2015-12-15",7.8077
"2015-12-16",7.8063
"2015-12-17",7.8061
"2015-12-18",7.8054
"2015-12-21",7.8084
"2015-12-22",7.8091
"2015-12-23",7.8075
"2015-12-24",7.8046
"2015-12-25",7.679
"2015-12-28",7.6801
"2015-12-29",7.8055
"2015-12-30",7.8058
"2015-12-31",7.8057
"2016-01-01",7.716
"2016-01-04",7.7203
"2016-01-05",7.809
"2016-01-06",7.8073
"2016-01-07",7.8072
"2016-01-08",7.8075
"2016-01-11",7.6463
"2016-01-12",7.8057
"2016-01-13",7.8096
"2016-01-14",7.8051
"2016-01-15",7.8064
"2016-01-18",7.6794
"2016-01-19",7.8086
"2016-01-20",7.8055
"2016-01-21",7.8071
"2016-01-22",7.8123
"2016-01-25",7.8074
"2016-01-26",7.8046
"2016-01-27",7.807
"2016-01-28",7.8064
"2016-01-29",7.8109
"2016-02-01",7.7554
"2016-02-02",7.8089
"2016-02-03",7.8088
"2016-02-04",7.8043
"2016-02-05",7.8101
"2016-02-08",7.8189
"2016-02-09",7.8071
"2016-02-10",7.8065
"2016-02-11",7.8089
"2016-02-12",7.8065
"2016-02-15",7.7336
"2016-02-16",7.8042
"2016-02-17",7.8083
"2016-02-18",7.8113
"2016-02-19",7.8057
"2016-02-22",7.6818
"2016-02-23",7.8064
"2016-02-24",7.8037
"2016-02-25",7.8099
"2016-02-26",7.8042
"2016-02-29",7.7631
"2016-03-01",7.8064
"2016-03-02",7.8045
"2016-03-03",7.8068
"2016-03-04",7.8073
"2016-03-07",7.6874
"2016-03-08",7.8095
"2016-03-09",7.8038
"2016-03-10",7.8097
"2016-03-11",7.8089
"2016-03-14",7.6522
"2016-03-15",8.9272
"2016-03-16",8.9255
"2016-03-17",8.8539
"2016-03-18",8.8579
"2016-03-21",8.852
"2016-03-22",8.8597
"2016-03-23",8.8584
"2016-03-24",8.8586
"2016-03-25",8.8741
"2016-03-28",8.8748
"2016-03-29",8.8404
"2016-03-30",8.8569
"2016-03-31",8.8575
"2016-04-01",8.858
"2016-04-04",8.8609
"2016-04-05",8.8589
"2016-04-06",8.8608
"2016-04-07",8.8544
"2016-04-08",8.8591
"2016-04-11",8.8554
"2016-04-12",8.8583
"2016-04-13",8.8576
"2016-04-14",8.8557
"2016-04-15",8.8557
"2016-04-18",8.8518
"2016-04-19",8.8578
"2016-04-20",8.855
"2016-04-21",8.8552
"2016-04-22",8.857
"2016-04-25",8.8547
"2016-04-26",8.8574
"2016-04-27",8.8602
"2016-04-28",8.8545
"2016-04-29",8.8566
"2016-05-02",8.8531
"2016-05-03",8.8568
"2016-05-04",8.8562
"2016-05-05",8.8596
"2016-05-06",8.8579
"2016-05-09",8.8709
"2016-05-10",8.8576
"2016-05-11",8.8558
"2016-05-12",8.8574
"2016-05-13",8.8567
"2016-05-16",8.8508
"2016-05-17",8.8585
"2016-05-18",8.8577
"2016-05-19",8.8556
"2016-05-20",8.8555
"2016-05-23",8.8585
"2016-05-24",8.8557
"2016-05-25",8.8562
"2016-05-26",8.8533
"2016-05-27",8.8567
"2016-05-30",8.8654
"2016-05-31",8.8546
"2016-06-01",8.8557
"2016-06-02",8.8557
"2016-06-03",8.8566
"2016-06-06",8.8778
"2016-06-07",8.8529
"2016-06-08",8.8584
"2016-06-09",8.8563
"2016-06-10",8.8571
"2016-06-13",8.8687
"2016-06-14",8.8608
"2016-06-15",8.8567
"2016-06-16",8.8581
"2016-06-17",8.8536
"2016-06-20",8.6843
"2016-06-21",8.8554
"2016-06-22",8.8574
"2016-06-23",8.8606
"2016-06-24",8.8583
"2016-06-27",8.7591
"2016-06-28",8.8582
"2016-06-29",8.7571
"2016-06-30",8.8575
"2016-07-01",8.8623
"2016-07-04",8.7415
"2016-07-05",8.8573
"2016-07-06",8.8552
"2016-07-07",8.8545
"2016-07-08",8.8556
"2016-07-11",8.8657
"2016-07-12",8.8577
"2016-07-13",8.8615
"2016-07-14",8.8579
"2016-07-15",8.8585
"2016-07-18",8.8426
"2016-07-19",8.8564
"2016-07-20",8.8579
"2016-07-21",8.8574
"2016-07-22",8.8565
"2016-07-25",8.8589
"2016-07-26",8.8588
"2016-07-27",8.8546
"2016-07-28",8.8542
"2016-07-29",8.8584
"2016-08-01",8.8661
"2016-08-02",8.8562
"2016-08-03",8.8575
"2016-08-04",8.8559
"2016-08-05",8.8543
"2016-08-08",8.8541
"2016-08-09",8.8586
"2016-08-10",8.8573
"2016-08-11",8.8596
"2016-08-12",8.8559
"2016-08-15",8.8782
"2016-08-16",8.8754
"2016-08-17",8.8777
"2016-08-18",8.8763
"2016-08-19",8.8548
"2016-08-22",8.8981
"2016-08-23",8.8768
"2016-08-24",8.8778
"2016-08-25",8.878
"2016-08-26",8.8576
"2016-08-29",8.8202
"2016-08-30",8.8758
"2016-08-31",8.8769
"2016-09-01",8.8766
"2016-09-02",8.8737
"2016-09-05",8.857
"2016-09-06",8.8752
"2016-09-07",8.8769
"2016-09-08",8.8771
"2016-09-09",8.8775
"2016-09-12",8.8948
"2016-09-13",8.8762
"2016-09-14",8.8748
"2016-09-15",8.8772
"2016-09-16",8.8542
"2016-09-19",8.8765
"2016-09-20",8.8763
"2016-09-21",8.8754
"2016-09-22",8.8794
"2016-09-23",8.877
"2016-09-26",8.7351
"2016-09-27",8.8765
"2016-09-28",8.8779
"2016-09-29",8.8768
"2016-09-30",8.8573
"2016-10-03",8.8832
"2016-10-04",8.8612
"2016-10-05",8.8575
"2016-10-06",8.8608
"2016-10-07",8.876
"2016-10-10",8.8596
"2016-10-11",8.8791
"2016-10-12",8.8771
"2016-10-13",8.8782
"2016-10-14",8.8826
"2016-10-17",8.7793
"2016-10-18",8.8728
"2016-10-19",8.8797
"2016-10-20",8.8745
"2016-10-21",8.8756
"2016-10-24",8.8776
"2016-10-25",8.8793
"2016-10-26",8.8768
"2016-10-27",8.8769
"2016-10-28",8.8572
"2016-10-31",8.8783
"2016-11-01",8.8752
"2016-11-02",8.8775
"2016-11-03",8.8782
"2016-11-04",15.243
"2016-11-07",15.3795
"2016-11-08",16.861
"2016-11-09",18.0035
"2016-11-10",17.018999
"2016-11-11",16.855
"2016-11-14",16.352501
"2016-11-15",15.478
"2016-11-16",15.42
"2016-11-17",15.7175
"2016-11-18",16.0415
"2016-11-21",16.232
"2016-11-22",17.375999
"2016-11-23",17.622499
"2016-11-24",17.446501
"2016-11-25",17.594
"2016-11-28",17.637501
"2016-11-29",17.7155
"2016-11-30",17.974501
"2016-12-01",17.8325
"2016-12-02",17.8255
"2016-12-05",18.09
"2016-12-06",17.92
"2016-12-07",17.8965
"2016-12-08",18.0875
"2016-12-09",18.0905
"2016-12-12",18.077499
"2016-12-13",18.1705
"2016-12-14",18.403
"2016-12-15",18.4755
"2016-12-16",18.402
"2016-12-19",18.254999
"2016-12-20",19.191
"2016-12-21",19.603001
"2016-12-22",18.993
"2016-12-23",18.974001
"2016-12-26",18.898001
"2016-12-27",18.898001
"2016-12-28",19.044001
"2016-12-29",18.771
"2016-12-30",18.1035
"2017-01-02",18.094
"2017-01-03",18.069
"2017-01-04",18.195
"2017-01-05",18.195999
"2017-01-06",18.0455
"2017-01-09",17.957001
"2017-01-10",18.3435
"2017-01-11",18.689501
"2017-01-12",18.67
"2017-01-13",18.893499
"2017-01-16",18.9175
"2017-01-17",18.8985
"2017-01-18",18.668501
"2017-01-19",18.876499
"2017-01-20",18.865499
"2017-01-23",18.74
"2017-01-24",18.974001
"2017-01-25",18.946501
"2017-01-26",18.8675
"2017-01-27",18.6875
"2017-01-30",18.669001
"2017-01-31",18.8675
"2017-02-01",18.697001
"2017-02-02",18.811001
"2017-02-03",18.3445
"2017-02-06",18.531
"2017-02-07",18.431
"2017-02-08",18.279499
"2017-02-09",17.9725
"2017-02-10",17.619499
"2017-02-13",17.736
"2017-02-14",16.966499
"2017-02-15",16.4695
"2017-02-16",16.466499
"2017-02-17",16.017
"2017-02-20",15.9445
"2017-02-21",15.776
"2017-02-22",15.7175
"2017-02-23",15.766
"2017-02-24",15.926
"2017-02-27",15.753
"2017-02-28",15.9705
"2017-03-01",15.7703
"2017-03-02",16.173
"2017-03-03",16.164
"2017-03-06",16.119499
"2017-03-07",16.819799
"2017-03-08",17.470501
"2017-03-09",17.6675
"2017-03-10",17.5175
"2017-03-13",17.4865
"2017-03-14",17.686001
"2017-03-15",18.019501
"2017-03-16",18.069
"2017-03-17",18.125
"2017-03-20",18.0235
"2017-03-21",18.174999
"2017-03-22",18.121
"2017-03-23",17.9685
"2017-03-24",18.09
"2017-03-27",17.950001
"2017-03-28",18.203699
"2017-03-29",18.212
"2017-03-30",18.207001
"2017-03-31",18.210501
"2017-04-03",17.994499
"2017-04-04",18.0965
"2017-04-05",18.040001
"2017-04-06",17.969
"2017-04-07",18.0205
"2017-04-10",17.992001
"2017-04-11",17.978001
"2017-04-12",18.0175
"2017-04-13",18.125999
"2017-04-14",18.141001
"2017-04-17",18.1455
"2017-04-18",18.0865
"2017-04-19",18.126499
"2017-04-20",18.135
"2017-04-21",18.0695
"2017-04-24",17.83
"2017-04-25",18.15
"2017-04-26",17.965
"2017-04-27",17.9695
"2017-04-28",18.02
"2017-05-01",18.005501
"2017-05-02",18.099001
"2017-05-03",18.08
"2017-05-04",18.084
"2017-05-05",18.094999
"2017-05-08",18.115
"2017-05-09",18.084499
"2017-05-10",18.07
"2017-05-11",18.08
"2017-05-12",18.028
"2017-05-15",18.038
"2017-05-16",18.087999
"2017-05-17",18.091999
"2017-05-18",18.0695
"2017-05-19",18.079
"2017-05-22",18.0285
"2017-05-23",18.044001
"2017-05-24",18.033001
"2017-05-25",18.087
"2017-05-26",18.063499
"2017-05-29",18.0805
"2017-05-30",18.085501
"2017-05-31",17.972
"2017-06-01",18.0755
"2017-06-02",17.972601
"2017-06-05",17.973499
"2017-06-06",18.094
"2017-06-07",18.0965
"2017-06-08",18.1035
"2017-06-09",18.098499
"2017-06-12",18.104
"2017-06-13",18.08
"2017-06-14",18.105499
"2017-06-15",17.976999
"2017-06-16",18.125
"2017-06-19",18.099501
"2017-06-20",17.970501
"2017-06-21",18.121
"2017-06-22",18.1115
"2017-06-23",18.118999
"2017-06-26",18.105499
"2017-06-27",18.118
"2017-06-28",18.113001
"2017-06-29",18.098
"2017-06-30",18.098
"2017-07-03",18.0945
"2017-07-04",17.92
"2017-07-05",17.816999
"2017-07-06",17.8505
"2017-07-07",17.841999
"2017-07-10",17.839001
"2017-07-11",NA
"2017-07-12",17.8713
"2017-07-13",17.915501
"2017-07-14",17.934
"2017-07-17",17.928499
"2017-07-18",17.917999
"2017-07-19",17.9205
"2017-07-20",17.910999
"2017-07-21",17.8405
"2017-07-24",17.806499
"2017-07-25",17.862
"2017-07-26",17.888
"2017-07-27",17.886499
"2017-07-28",17.849501
"2017-07-31",17.864
"2017-08-01",17.869699
"2017-08-02",17.812
"2017-08-03",17.818501
"2017-08-04",17.743999
"2017-08-07",17.734501
"2017-08-08",17.765301
"2017-08-09",17.733999
"2017-08-10",17.768499
"2017-08-11",17.7425
"2017-08-14",17.738501
"2017-08-15",17.721001
"2017-08-16",17.73
"2017-08-17",17.7495
"2017-08-18",17.738001
"2017-08-21",17.749001
"2017-08-22",17.707001
"2017-08-23",17.73
"2017-08-24",17.709999
"2017-08-25",17.68
"2017-08-28",17.632
"2017-08-29",17.645
"2017-08-30",17.642
"2017-08-31",17.622999
"2017-09-01",17.618999
"2017-09-04",17.583
"2017-09-05",17.599001
"2017-09-06",17.610001
"2017-09-07",17.605
"2017-09-08",17.605499
"2017-09-11",17.6327
"2017-09-12",17.616501
"2017-09-13",17.625999
"2017-09-14",17.604
"2017-09-15",17.608
"2017-09-18",17.639
"2017-09-19",17.637501
"2017-09-20",17.615
"2017-09-21",17.613001
"2017-09-22",17.612499
"2017-09-25",17.665001
"2017-09-26",17.646
"2017-09-27",17.609501
"2017-09-28",17.636999
"2017-09-29",17.622
"2017-10-02",17.632
"2017-10-03",17.6215
"2017-10-04",17.605
"2017-10-05",17.606001
"2017-10-06",17.6465
"2017-10-09",17.636
"2017-10-10",17.584
"2017-10-11",17.584499
"2017-10-12",17.587999
"2017-10-13",17.606001
"2017-10-16",17.607
"2017-10-17",17.598499
"2017-10-18",17.628
"2017-10-19",17.620001
"2017-10-20",17.622
"2017-10-23",17.6565
"2017-10-24",17.621
"2017-10-25",17.625999
"2017-10-26",17.628
"2017-10-27",17.623501
"2017-10-30",17.630501
"2017-10-31",17.622499
"2017-11-01",17.622499
"2017-11-02",17.621
"2017-11-03",17.620501
"2017-11-06",17.620001
"2017-11-07",17.622499
"2017-11-08",17.6175
"2017-11-09",17.613501
"2017-11-10",17.622999
"2017-11-13",17.619499
"2017-11-14",17.5975
"2017-11-15",17.630501
"2017-11-16",NA
"2017-11-17",17.605
"2017-11-20",17.706499
"2017-11-21",17.6185
"2017-11-22",17.631001
"2017-11-23",17.67
"2017-11-24",17.662001
"2017-11-27",17.667
"2017-11-28",17.702999
"2017-11-29",17.7213
"2017-11-30",17.652
"2017-12-01",17.653
"2017-12-04",17.698999
"2017-12-05",17.679001
"2017-12-06",17.7325
"2017-12-07",17.761499
"2017-12-08",17.771
"2017-12-11",17.764999
"2017-12-12",17.796
"2017-12-13",17.8265
"2017-12-14",17.851
"2017-12-15",17.834499
"2017-12-18",17.862
"2017-12-19",17.792999
"2017-12-20",17.827999
"2017-12-21",17.855
"2017-12-22",17.847
"2017-12-25",17.85
"2017-12-26",17.823
"2017-12-27",17.799999
"2017-12-28",17.808001
"2017-12-29",17.742001
"2018-01-01",17.750999
"2018-01-02",17.731001
"2018-01-03",17.712
"2018-01-04",17.681999
"2018-01-05",17.681499
"2018-01-08",17.6695
"2018-01-09",17.636
"2018-01-10",17.649
"2018-01-11",17.684999
"2018-01-12",17.674999
"2018-01-15",17.6675
"2018-01-16",17.7005
"2018-01-17",17.7005
"2018-01-18",17.688999
"2018-01-19",17.695499
"2018-01-22",17.6355
"2018-01-23",17.681499
"2018-01-24",17.697001
"2018-01-25",17.661501
"2018-01-26",17.6595
"2018-01-29",17.652
"2018-01-30",17.646999
"2018-01-31",17.614
"2018-02-01",17.653
"2018-02-02",17.624001
"2018-02-05",17.643999
"2018-02-06",17.638
"2018-02-07",17.621
"2018-02-08",17.645
"2018-02-09",17.6565
"2018-02-12",17.629999
"2018-02-13",17.686501
"2018-02-14",17.677
"2018-02-15",17.684
"2018-02-16",17.621
"2018-02-19",17.613001
"2018-02-20",17.622999
"2018-02-21",17.684999
"2018-02-22",17.67
"2018-02-23",17.6605
"2018-02-26",17.681
"2018-02-27",17.630501
"2018-02-28",17.613501
"2018-03-01",17.6315
"2018-03-02",17.612
"2018-03-05",17.617001
"2018-03-06",17.599001
"2018-03-07",17.604
"2018-03-08",17.612
"2018-03-09",17.587999
"2018-03-12",17.59
"2018-03-13",17.5975
"2018-03-14",17.6035
"2018-03-15",17.605
"2018-03-16",17.583
"2018-03-19",17.566
"2018-03-20",17.603001
"2018-03-21",17.5975
"2018-03-22",17.598499
"2018-03-23",17.6005
"2018-03-26",17.604
"2018-03-27",17.622999
"2018-03-28",17.610001
"2018-03-29",17.615499
"2018-03-30",17.6005
"2018-04-02",17.582001
"2018-04-03",17.58
"2018-04-04",17.5695
"2018-04-05",17.6595
"2018-04-06",17.6595
"2018-04-09",17.667999
"2018-04-10",17.653
"2018-04-11",17.650999
"2018-04-12",17.621
"2018-04-13",17.58
"2018-04-16",17.587999
"2018-04-17",17.67
"2018-04-18",17.688
"2018-04-19",17.672001
"2018-04-20",17.648001
"2018-04-23",17.7045
"2018-04-24",17.658501
"2018-04-25",17.671499
"2018-04-26",17.684
"2018-04-27",17.664499
"2018-04-30",17.688999
"2018-05-01",17.6245
"2018-05-02",17.756001
"2018-05-03",17.618999
"2018-05-04",17.601
"2018-05-07",17.611
"2018-05-08",17.68
"2018-05-09",17.68
"2018-05-10",17.745001
"2018-05-11",17.671
"2018-05-14",17.654499
"2018-05-15",17.809999
"2018-05-16",17.800501
"2018-05-17",17.849001
"2018-05-18",17.778999
"2018-05-21",17.7995
"2018-05-22",17.875
"2018-05-23",17.891001
"2018-05-24",17.880501
"2018-05-25",17.887501
"2018-05-28",17.836
"2018-05-29",17.879499
"2018-05-30",17.884501
"2018-05-31",17.8915
"2018-06-01",17.868
"2018-06-04",17.860001
"2018-06-05",17.8645
"2018-06-06",17.871
"2018-06-07",17.8335
"2018-06-08",17.822001
"2018-06-11",17.748501
"2018-06-12",17.800501
"2018-06-13",17.827499
"2018-06-14",17.8465
"2018-06-15",17.816
"2018-06-18",17.842501
"2018-06-19",17.820499
"2018-06-20",17.855499
"2018-06-21",17.8505
"2018-06-22",17.848
"2018-06-25",17.837999
"2018-06-26",17.872
"2018-06-27",17.860001
"2018-06-28",17.856001
"2018-06-29",17.862499
"2018-07-02",17.870501
"2018-07-03",17.883499
"2018-07-04",17.878
"2018-07-05",17.859501
"2018-07-06",17.862499
"2018-07-09",17.8435
"2018-07-10",17.888
"2018-07-11",17.879499
"2018-07-12",17.875999
"2018-07-13",17.8675
"2018-07-16",17.878
"2018-07-17",17.877001
"2018-07-18",17.869499
"2018-07-19",17.8675
"2018-07-20",17.863501
"2018-07-23",17.839001
"2018-07-24",17.886
"2018-07-25",17.868999
"2018-07-26",17.878
"2018-07-27",17.872499
"2018-07-30",17.804001
"2018-07-31",17.881001
"2018-08-01",17.847
"2018-08-02",17.861
"2018-08-03",17.855
"2018-08-06",17.8535
"2018-08-07",17.8515
"2018-08-08",17.861
"2018-08-09",17.8405
"2018-08-10",17.826799
"2018-08-13",17.858
"2018-08-14",17.882999
"2018-08-15",17.878
"2018-08-16",17.867001
"2018-08-17",17.872
"2018-08-20",17.866501
"2018-08-21",17.8785
"2018-08-22",17.848
"2018-08-23",17.841499
"2018-08-24",17.842501
"2018-08-27",17.7995
"2018-08-28",17.869499
"2018-08-29",17.872299
"2018-08-30",17.855499
"2018-08-31",17.7985
"2018-09-03",17.809999
"2018-09-04",17.915501
"2018-09-05",17.886
"2018-09-06",17.8815
"2018-09-07",17.8545
"2018-09-10",17.8475
"2018-09-11",17.8125
"2018-09-12",17.807501
"2018-09-13",17.889999
"2018-09-14",17.886
"2018-09-17",17.893
"2018-09-18",17.889999
"2018-09-19",17.877501
"2018-09-20",17.8675
"2018-09-21",17.880501
"2018-09-24",17.886499
"2018-09-25",17.883301
"2018-09-26",17.884001
"2018-09-27",17.877501
"2018-09-28",17.8885
"2018-10-01",17.807501
"2018-10-02",17.879
"2018-10-03",17.882
"2018-10-04",17.883499
"2018-10-05",17.865999
"2018-10-08",17.8575
"2018-10-09",17.885
"2018-10-10",17.8815
"2018-10-11",17.8755
"2018-10-12",17.8815
"2018-10-15",17.9125
"2018-10-16",17.902
"2018-10-17",17.880501
"2018-10-18",17.880501
"2018-10-19",17.886499
"2018-10-22",17.894501
"2018-10-23",17.879499
"2018-10-24",17.8915
"2018-10-25",17.875999
"2018-10-26",17.885
"2018-10-29",17.8855
"2018-10-30",17.889
"2018-10-31",17.886999
"2018-11-01",17.882
"2018-11-02",17.879
"2018-11-05",17.864
"2018-11-06",17.881001
"2018-11-07",17.907
"2018-11-08",17.879
"2018-11-09",17.872999
"2018-11-12",17.827999
"2018-11-13",17.882999
"2018-11-14",17.888
"2018-11-15",17.882
"2018-11-16",17.882
"2018-11-19",17.649
"2018-11-20",17.874001
"2018-11-21",17.879
"2018-11-22",17.929501
"2018-11-23",17.872
"2018-11-26",17.878
"2018-11-27",17.926001
"2018-11-28",17.9067
"2018-11-29",17.889
"2018-11-30",17.877001
"2018-12-03",17.851999
"2018-12-04",17.889
"2018-12-05",17.881001
"2018-12-06",17.903
"2018-12-07",17.889999
"2018-12-10",17.855499
"2018-12-11",17.888
"2018-12-12",17.879999
"2018-12-13",17.881001
"2018-12-14",17.889
"2018-12-17",17.9345
"2018-12-18",17.885
"2018-12-19",17.886999
"2018-12-20",17.882999
"2018-12-21",17.8785
"2018-12-24",17.881001
"2018-12-25",17.872
"2018-12-26",17.861
"2018-12-27",17.945
"2018-12-28",17.8605
"2018-12-31",17.863001
"2019-01-01",17.85
"2019-01-02",17.888
"2019-01-03",17.888
"2019-01-04",17.878
"2019-01-07",17.864
"2019-01-08",17.896
"2019-01-09",17.903
"2019-01-10",17.8825
"2019-01-11",17.896999
"2019-01-14",17.914
"2019-01-15",17.886
"2019-01-16",17.876499
"2019-01-17",17.898001
"2019-01-18",17.858999
"2019-01-21",17.868999
"2019-01-22",17.893
"2019-01-23",17.881001
"2019-01-24",17.858999
"2019-01-25",17.857
"2019-01-28",17.863001
"2019-01-29",17.627001
"2019-01-30",17.5893
"2019-01-31",17.636499
"2019-02-01",17.652
"2019-02-04",17.617001
"2019-02-05",17.658001
"2019-02-06",17.575001
"2019-02-07",17.58
"2019-02-08",17.5725
"2019-02-11",17.587
"2019-02-12",17.568001
"2019-02-13",17.580999
"2019-02-14",17.549999
"2019-02-15",17.509001
"2019-02-18",17.5065
"2019-02-19",17.507999
"2019-02-20",17.504999
"2019-02-21",17.528999
"2019-02-22",17.5065
"2019-02-25",17.514
"2019-02-26",17.514999
"2019-02-27",17.488001
"2019-02-28",17.507999
"2019-03-01",17.476999
"2019-03-04",17.482
"2019-03-05",17.49
"2019-03-06",17.43
"2019-03-07",17.437
"2019-03-08",17.387501
"2019-03-11",17.4035
"2019-03-12",17.4065
"2019-03-13",17.375
"2019-03-14",17.389
"2019-03-15",17.377001
"2019-03-18",17.391001
"2019-03-19",17.281
"2019-03-20",17.26
"2019-03-21",17.247
"2019-03-22",17.225
"2019-03-25",17.2285
"2019-03-26",17.271
"2019-03-27",17.2761
"2019-03-28",17.288
"2019-03-29",17.2985
"2019-04-01",17.303499
"2019-04-02",17.307501
"2019-04-03",17.2915
"2019-04-04",17.304001
"2019-04-05",17.282
"2019-04-08",17.297001
"2019-04-09",17.306999
"2019-04-10",17.3015
"2019-04-11",17.290001
"2019-04-12",17.283001
"2019-04-15",17.2735
"2019-04-16",17.323999
"2019-04-17",17.280001
"2019-04-18",17.228001
"2019-04-19",17.18
"2019-04-22",17.1595
"2019-04-23",17.136999
"2019-04-24",17.133301
"2019-04-25",17.155001
"2019-04-26",17.151501
"2019-04-29",17.1355
"2019-04-30",17.1465
"2019-05-01",17.1425
"2019-05-02",17.165001
"2019-05-03",17.153999
"2019-05-06",17.173
"2019-05-07",17.1185
"2019-05-08",17.121
"2019-05-09",17.1245
"2019-05-10",17.0945
"2019-05-13",17.0895
"2019-05-14",17.055
"2019-05-15",17.049
"2019-05-16",17.048
"2019-05-17",17.022499
"2019-05-20",17.0035
"2019-05-21",17.002001
"2019-05-22",NA
"2019-05-23",16.914499
"2019-05-24",16.834
"2019-05-27",16.824499
"2019-05-28",16.806999
"2019-05-29",16.815001
"2019-05-30",16.7885
"2019-05-31",16.754999
"2019-06-03",16.721001
"2019-06-04",16.731001
"2019-06-05",16.739
"2019-06-06",16.76
"2019-06-07",16.747999
"2019-06-10",16.747
"2019-06-11",16.708599
"2019-06-12",16.738001
"2019-06-13",16.6945
"2019-06-14",16.729
"2019-06-17",16.728001
"2019-06-18",16.726
"2019-06-19",16.739
"2019-06-20",16.712999
"2019-06-21",16.658001
"2019-06-24",16.641001
"2019-06-25",16.669001
"2019-06-26",16.671
"2019-06-27",16.6691
"2019-06-28",16.674
"2019-07-01",16.688
"2019-07-02",16.68
"2019-07-03",16.608999
"2019-07-04",16.589001
"2019-07-05",16.599001
"2019-07-08",16.5975
"2019-07-09",16.5795
"2019-07-10",16.589001
"2019-07-11",16.596001
"2019-07-12",16.573
"2019-07-15",16.591999
"2019-07-16",16.580999
"2019-07-17",16.597
"2019-07-18",16.580099
"2019-07-19",16.587
"2019-07-22",16.584
"2019-07-23",16.5905
"2019-07-24",16.5875
"2019-07-25",16.578699
"2019-07-26",16.569
"2019-07-29",16.5555
"2019-07-30",16.566
"2019-07-31",16.532
"2019-08-01",16.519501
"2019-08-02",16.5515
"2019-08-05",16.547501
"2019-08-06",16.534
"2019-08-07",16.533001
"2019-08-08",16.536501
"2019-08-09",16.544001
"2019-08-12",16.518
"2019-08-13",16.559999
"2019-08-14",16.554001
"2019-08-15",16.571501
"2019-08-16",16.550501
"2019-08-19",16.554001
"2019-08-20",16.5676
"2019-08-21",16.5735
"2019-08-22",16.579
"2019-08-23",16.5385
"2019-08-26",16.5445
"2019-08-27",16.534
"2019-08-28",16.518499
"2019-08-29",16.537001
"2019-08-30",16.5205
"2019-09-02",16.507999
"2019-09-03",16.528999
"2019-09-04",16.518999
"2019-09-05",16.5
"2019-09-06",16.455999
"2019-09-09",16.485001
"2019-09-10",16.4305
"2019-09-11",16.4305
"2019-09-12",16.407
"2019-09-13",16.400999
"2019-09-16",16.382
"2019-09-17",16.3125
"2019-09-18",16.305
"2019-09-19",16.3195
"2019-09-20",16.2796
"2019-09-23",16.281099
"2019-09-24",16.2735
"2019-09-25",16.288
"2019-09-26",16.2474
"2019-09-27",16.2801
"2019-09-30",16.285
"2019-10-01",16.257999
"2019-10-02",16.245001
"2019-10-03",16.311001
"2019-10-04",16.277901
"2019-10-07",16.278
"2019-10-08",16.2805
"2019-10-09",16.258499
"2019-10-10",16.281
"2019-10-11",16.247299
"2019-10-14",16.2714
"2019-10-15",16.232901
"2019-10-16",16.211399
"2019-10-17",16.198601
"2019-10-18",16.198799
"2019-10-21",16.241899
"2019-10-22",16.176901
"2019-10-23",16.1717
"2019-10-24",16.08
